"teaching_number","title","date","year"
"1","HERE BEGINNETH","May. 11, 1979","1979"
"2","PAINS","May. 12, 1979","1979"
"3","DEPENDENCE","May. 13, 1979","1979"
"4","TEARS FOR PETER","May. 14, 1979","1979"
"5","DEPRECIATION","May. 15, 1979","1979"
"6","SCREEN","May. 16, 1979","1979"
"7","SCOUR","May. 17, 1979","1979"
"8","LOST… AND “BE STILL”","May. 18, 1979","1979"
"9","KNEEL… LIKE A DERVISH","May. 19, 1979","1979"
"10","READ THE MESSAGES","May. 20, 1979","1979"
"11","THE LETTER AND THE MANUSCRIPT","May. 21, 1979","1979"
"12","RHYTHM","May. 22, 1979","1979"
"13","YESTERDAY IS TOMORROW","May. 23, 1979","1979"
"14","TIME IS NOW","May. 24, 1979","1979"
"15","SELECT THE CHANNEL","May. 25, 1979","1979"
"16","YOUR HEART DOTH SING!","May. 26, 1979","1979"
"17","THE NEEDS OF PEOPLE","May. 27, 1979","1979"
"18","FLOUNDERING","May. 28, 1979","1979"
"19","PRACTICE AND PATIENCE","May. 29, 1979","1979"
"20","DISCONTENT","May. 30, 1979","1979"
"21","FORGIVE","May. 31, 1979","1979"
"22","FORGIVE… AGAIN","Jun. 01, 1979","1979"
"23","CONFIDENCE","Jun. 02, 1979","1979"
"24","ACTION","Jun. 03, 1979","1979"
"25","AND IT CAME TO PASS…","Jun. 04, 1979","1979"
"26","FRIENDSHIP","Jun. 05, 1979","1979"
"27","ROOSTER… AND THE RHYTHM","Jun. 06, 1979","1979"
"28","APPREHENSION","Jun. 07, 1979","1979"
"29","WRITE","Jun. 08, 1979","1979"
"30","UNLIKELY","Jun. 09, 1979","1979"
"31","“ANNIVERSARY”","Jun. 10, 1979","1979"
"32","11 Pages of Summary of the first month’s Writings","Jun. 11, 1979","1979"
"33","A NEW VENTURE","Jun. 11, 1979","1979"
"34","LOCUS OF CONTROL","Jun. 12, 1979","1979"
"35","COME, HOLY SPIRIT, COME","Jun. 13, 1979","1979"
"36","WHEN THE HOLY SPIRIT DOES NOT COME","Jun. 14, 1979","1979"
"37","GOODNESS","Jun. 15, 1979","1979"
"38","CONFIDENCE","Jun. 16, 1979","1979"
"39","THE LORD IS WAITING","Jun. 17, 1979","1979"
"40","DISCIPLINE","Jun. 18, 1979","1979"
"41","LISTEN FOR THE WORD","Jun. 19, 1979","1979"
"42","TRAVEL","Jun. 20, 1979","1979"
"43","THE SPIRIT WITHIN","Jun. 21, 1979","1979"
"44","RHYTHM, AGAIN","Jun. 22, 1979","1979"
"45","REENTRY","Jun. 23, 1979","1979"
"46","TAKE CARE!","Jun. 24, 1979","1979"
"47","PAIN","Jun. 25, 1979","1979"
"48","PAIN, AGAIN","Jun. 26, 1979","1979"
"49","THE RHYTHM THAT IS THE SELF","Jun. 27, 1979","1979"
"50","SOMETHING “SPECIAL” IS GOING ON","Jun. 28, 1979","1979"
"51","CONFUSION","Jun. 29, 1979","1979"
"52","OPEN YOUR MIND","Jun. 30, 1979","1979"
"53","AGING","Jul. 01, 1979","1979"
"54","ALCOHOL","Jul. 02, 1979","1979"
"55","SPIRITUAL RISK-TAKING","Jul. 03, 1979","1979"
"56","RHYTHM… AGAIN","Jul. 04, 1979","1979"
"57","THE BIBLE","Jul. 05, 1979","1979"
"58","AN EXPERIENCE","Jul. 06, 1979","1979"
"59","MISFORTUNE","Jul. 07, 1979","1979"
"60","REMEMBER THE SABBATH","Jul. 08, 1979","1979"
"61","FEELING","Jul. 09, 1979","1979"
"62","WHAT HAPPENS NOW?","Jul. 10, 1979","1979"
"63","AM I STILL IN CONTACT?","Jul. 15, 1979","1979"
"64","WRITING","Jul. 30, 1979","1979"
"65","BALANCE","Aug. 23, 1979","1979"
"66","PURITY","Sep. 01, 1979","1979"
"67","I AM A PUMP","Sep. 02, 1979","1979"
"68","TESTING","Sep. 03, 1979","1979"
"69","DREAMS","Sep. 04, 1979","1979"
"70","LEARNING FROM WITHIN","Sep. 05, 1979","1979"
"71","WAITING FOR SCARS TO HEAL","Sep. 06, 1979","1979"
"72","THE PATH OF LIGHT","Sep. 07, 1979","1979"
"73","TEST YOUR POSITION","Sep. 16, 1979","1979"
"74","DRINKING","Sep. 22, 1979","1979"
"75","FEEL NO SHAME","Oct. 06, 1979","1979"
"76","COMMUNION","Oct. 07, 1979","1979"
"77","CATCH A FALLING STAR","Oct. 08, 1979","1979"
"78","PERSIST","Oct. 09, 1979","1979"
"79","CHANGE OF SEASON","Oct. 10, 1979","1979"
"80","APPRECIATE","Oct. 20, 1979","1979"
"81","ROMANS AND FORGIVENESS","Oct. 28, 1979","1979"
"82","LIFE’S TAPESTRY","Nov. 20, 1979","1979"
"83","SACRIFICE","Nov. 21, 1979","1979"
"84","DEATH","Nov. 27, 1979","1979"
"85","RETURN","Nov. 28, 1979","1979"
"86","OVERBOARD","Nov. 29, 1979","1979"
"87","OBEDIENCE","Dec. 01, 1979","1979"
"88","FROM OUT OF YOUR SOUL","Dec. 02, 1979","1979"
"89","BAPTISM","Dec. 03, 1979","1979"
"90","FUN","Dec. 04, 1979","1979"
"91","SUNSHINE","Dec. 05, 1979","1979"
"92","IN MEMORY","Dec. 07, 1979","1979"
"93","TRANSITIONS","Dec. 08, 1979","1979"
"94","BETHLEHEM","Dec. 09, 1979","1979"
"95","FREEDOM","Dec. 12, 1979","1979"
"96","TRADE-OFFS","Dec. 15, 1979","1979"
"97","CHANGES","Dec. 18, 1979","1979"
"98","WORK","Dec. 19, 1979","1979"
"99","SPIRITUAL","Dec. 20, 1979","1979"
"100","PRINCIPLES AND FOUNDATIONS","Dec. 22, 1979","1979"
"101","CHRISTMAS","Dec. 25, 1979","1979"
"102","ANGELS","Dec. 26, 1979","1979"
"103","PRAISE YE THE LORD!","Dec. 30, 1979","1979"
"104","OLD YEAR","Dec. 31, 1979","1979"
"105","SHARING","Jan. 06, 1980","1980"
"106","BOUND","Jan. 10, 1980","1980"
"107","EASTER","Jan. 12, 1980","1980"
"108","IN TIME OF TROUBLE","Jan. 17, 1980","1980"
"109","IN TIME OF TROUBLE, II","Jan. 18, 1980","1980"
"110","THE TIMES","Jan. 20, 1980","1980"
"111","ZEAL","Jan. 21, 1980","1980"
"112","GRACE","Jan. 27, 1980","1980"
"113","IN PRAISE OF DIVERSITY","Jan. 28, 1980","1980"
"114","REINCARNATION","Feb. 04, 1980","1980"
"115","IN SEARCH OF TRUTH","Feb. 06, 1980","1980"
"116","ANOTHER TIME","Feb. 07, 1980","1980"
"117","IT NEVER FAILS","Feb. 13, 1980","1980"
"118","AGAIN, AND AGAIN","Feb. 19, 1980","1980"
"119","SHARING","Feb. 23, 1980","1980"
"120","SHARING II","Feb. 24, 1980","1980"
"121","THE SPIRIT AND THE LORD","Mar. 10, 1980","1980"
"122","FREE WILL","Mar. 11, 1980","1980"
"123","DISCIPLINE","Mar. 12, 1980","1980"
"124","THE LORD GIVETH AND THE LORD TAKETH AWAY","Mar. 14, 1980","1980"
"125","BEING AND PRAYING","Mar. 17, 1980","1980"
"126","LIFE AND DEATH","Mar. 21, 1980","1980"
"127","IN PAIN","Mar. 23, 1980","1980"
"128","CRISIS","Mar. 28, 1980","1980"
"129","THE CRISIS CONFRONTED","Mar. 29, 1980","1980"
"130","CONFUSION","Mar. 31, 1980","1980"
"131","GOOD FRIDAY","Apr. 04, 1980","1980"
"132","GIVING","Apr. 07, 1980","1980"
"133","YOUR PROFESSION","Apr. 10, 1980","1980"
"134","IS IT REAL?","Apr. 11, 1980","1980"
"135","REVIEWING","Apr. 16, 1980","1980"
"136","IN THE MATTER OF FAITHFULNESS","Apr. 21, 1980","1980"
"137","RESPONSE","Apr. 23, 1980","1980"
"138","REFLECTIONS ON LIFE AND DEATH","Apr. 25, 1980","1980"
"139","THE UNIFYING DIMENSION","Apr. 26, 1980","1980"
"140","THAT WHICH UNIFIES","Apr. 27, 1980","1980"
"141","THE UNIFYING… CONTINUED","Apr. 27, 1980","1980"
"142","THE DIMENSION THAT UNIFIES","Apr. 28, 1980","1980"
"143","HERE, AGAIN, IN THE EARTH","May. 01, 1980","1980"
"144","CHANGE OF SCENE","May. 02, 1980","1980"
"145","THE CONTINUUM AND THE SPIRIT","May. 04, 1980","1980"
"146","CONFRONTATION AHEAD","May. 07, 1980","1980"
"147","THE CHALLENGE","May. 09, 1980","1980"
"148","OUR ANNIVERSARY","May. 11, 1980","1980"
"149","COMMITMENT","May. 12, 1980","1980"
"150","A LESSON FROM UNCARVED BLOCK…","May. 13, 1980","1980"
"151","MEET THE CHILDREN","May. 14, 1980","1980"
"152","LOVE, CERTAINLY","May. 15, 1980","1980"
"153","INSTRUCTION IN MEDITATION","May. 16, 1980","1980"
"154","SPIRITUAL THOUGHTS WHILE ALOFT","May. 16, 1980","1980"
"155","EARTH AS A SACRED BODY","May. 18, 1980","1980"
"156","REFLECTIONS ON THE EARTH","May. 19, 1980","1980"
"157","PRESENT CONVICTIONS","May. 20, 1980","1980"
"158","FOLLOWING MY WAY","May. 21, 1980","1980"
"159","THE MEDIATING SPIRIT","May. 22, 1980","1980"
"160","GOING HOME","May. 23, 1980","1980"
"161","HEALTH AND HEALING","May. 23, 1980","1980"
"162","“FILL ‘ER UP”","May. 24, 1980","1980"
"163","HERE IN THE EARTH","May. 25, 1980","1980"
"164","HERE IN THE EARTH… ANOTHER TRY","May. 26, 1980","1980"
"165","OTHER BEINGS","May. 27, 1980","1980"
"166","SHARING THE SPIRIT","May. 28, 1980","1980"
"167","SHE DRINKS","May. 29, 1980","1980"
"168","REFLECTIONS ON LIFE ON THE RUN","May. 30, 1980","1980"
"169","STORY TELLING","May. 31, 1980","1980"
"170","SABBATH","Jun. 01, 1980","1980"
"171","ALCOHOLISM","Jun. 02, 1980","1980"
"172","CONSCIOUSNESS","Jun. 03, 1980","1980"
"173","OBSERVATIONS ON RHYTHM","Jun. 04, 1980","1980"
"174","TELLING YOUR STORY","Jun. 05, 1980","1980"
"175","THE SPIRIT AND “SPIRITS”","Jun. 06, 1980","1980"
"176","REENTRY","Jun. 07, 1980","1980"
"177","ANOTHER SABBATH","Jun. 08, 1980","1980"
"178","“SPIRITS” IN SONG","Jun. 09, 1980","1980"
"179","THE CHURCH COURT","Jun. 10, 1980","1980"
"180","THE UNIFYING SPIRIT","Jun. 11, 1980","1980"
"181","THE SPIRIT AT WORK","Jun. 12, 1980","1980"
"182","GLOBAL SPIRIT","Jun. 13, 1980","1980"
"183","HOLISM… NO KA OE","Jun. 14, 1980","1980"
"184","RETURN TO THE BEACH","Jun. 15, 1980","1980"
"185","TRAVELING","Jun. 16, 1980","1980"
"186","PROBLEMS","Jun. 17, 1980","1980"
"187","GRACE AND POSITIVE HEALTH","Jun. 18, 1980","1980"
"188","HOME AGAIN","Jun. 20, 1980","1980"
"189","HEALING AND HEALTH, AGAIN","Jun. 22, 1980","1980"
"190","GRACE AND KARMA","Jun. 24, 1980","1980"
"191","OBEDIENCE AND FREE WILL","Jun. 26, 1980","1980"
"192","TIME AND TIMELESSNESS","Jun. 27, 1980","1980"
"193","FUNDAMENTALS","Jun. 30, 1980","1980"
"194","ALL IS (NOT) WELL FOR HUMANKIND","Jul. 01, 1980","1980"
"195","RUSS’ DILEMMA","Jul. 02, 1980","1980"
"196","LOVE AS ANSWER","Jul. 03, 1980","1980"
"197","SPIRIT AS FUSE","Jul. 05, 1980","1980"
"198","FELLOWSHIP","Jul. 07, 1980","1980"
"199","REAFFIRMATION","Jul. 09, 1980","1980"
"200","STRENGTHEN THY HOUSE","Jul. 11, 1980","1980"
"201","THE “UNIFIER”","Jul. 13, 1980","1980"
"202","THE WILLINGNESS TO HEAR","Jul. 16, 1980","1980"
"203","ALCOHOL AND POSITIVE HEALTH","Jul. 18, 1980","1980"
"204","ALCOHOL AND HOLISM","Jul. 19, 1980","1980"
"205","TRUST IN ME","Jul. 20, 1980","1980"
"206","CACOPHONY OF LIFE","Jul. 24, 1980","1980"
"207","BEGINNING A PROJECT","Jul. 28, 1980","1980"
"208","YOU AND ME","Jul. 29, 1980","1980"
"209","TELLING STORIES","Jul. 30, 1980","1980"
"210","PRESENT FAMILY CRISIS","Aug. 02, 1980","1980"
"211","REFLECTIONS ON TEACHINGS","Aug. 04, 1980","1980"
"212","FRIENDSHIP","Aug. 05, 1980","1980"
"213","MATTHEW’S DILEMMA","Aug. 07, 1980","1980"
"214","DREAMS","Aug. 08, 1980","1980"
"215","GRACE, AGAIN","Aug. 10, 1980","1980"
"216","RESENTMENT","Aug. 12, 1980","1980"
"217","MY MESSAGE TO YOU","Aug. 14, 1980","1980"
"218","PERSISTENCE","Aug. 16, 1980","1980"
"219","TELL THE STORY, AGAIN","Aug. 18, 1980","1980"
"220","MY MANIFESTATIONS","Aug. 19, 1980","1980"
"221","SALVATION","Aug. 22, 1980","1980"
"222","CHANGE OF SEASON","Aug. 23, 1980","1980"
"223","POTPOURRI","Aug. 31, 1980","1980"
"224","FORGIVENESS","Sep. 01, 1980","1980"
"225","JOHN PATRICK","Sep. 02, 1980","1980"
"226","THE UNIFYING DIMENSION…  AFRESH","Sep. 03, 1980","1980"
"227","KNOWLEDGE","Sep. 05, 1980","1980"
"228","ADAPTABILITY AND THE SPIRIT","Sep. 09, 1980","1980"
"229","RESPONSIBILITIES","Sep. 12, 1980","1980"
"230","FIRST THINGS","Sep. 16, 1980","1980"
"231","SPIRIT IN SONG","Sep. 17, 1980","1980"
"232","TRUST","Sep. 17, 1980","1980"
"233","SPIRIT AND SOUL","Sep. 22, 1980","1980"
"234","LITTLE THINGS","Sep. 23, 1980","1980"
"235","THE SPIRIT KNOWS","Sep. 25, 1980","1980"
"236","STORY TIME","Sep. 26, 1980","1980"
"237","GOD’S PEOPLE","Sep. 30, 1980","1980"
"238","IN SEARCH OF TRUTH","Oct. 03, 1980","1980"
"239","HOLY COMMUNION","Oct. 05, 1980","1980"
"240","KARMA","Oct. 07, 1980","1980"
"241","VALIDATION","Oct. 08, 1980","1980"
"242","REFLECTIONS ON A VISIT","Oct. 09, 1980","1980"
"243","LOVE AND THE SPIRIT","Oct. 11, 1980","1980"
"244","FOLLOW ME","Oct. 12, 1980","1980"
"245","THE STUDY","Oct. 14, 1980","1980"
"246","THE GOOD LIFE","Oct. 15, 1980","1980"
"247","THE SPIRIT SHOWS","Oct. 16, 1980","1980"
"248","PRIORITIES","Oct. 17, 1980","1980"
"249","PATIENCE","Oct. 20, 1980","1980"
"250","SHARING","Oct. 23, 1980","1980"
"251","IMPATIENCE","Oct. 26, 1980","1980"
"252","SPIRIT IN THE CHURCH","Oct. 29, 1980","1980"
"253","COCKINESS","Nov. 01, 1980","1980"
"254","HOLINESS AND RIGHTEOUSNESS","Nov. 02, 1980","1980"
"255","STEWARDSHIP","Nov. 03, 1980","1980"
"256","WHAT WOULD I HAVE YOU BE?","Nov. 04, 1980","1980"
"257","A SENSE OF HUMOR","Nov. 05, 1980","1980"
"258","CHRISTIANITY AND THE EARTH","Nov. 06, 1980","1980"
"259","DISCIPLINE","Nov. 07, 1980","1980"
"260","ENTROPY AND ME","Nov. 08, 1980","1980"
"261","SCRIPTURE","Nov. 09, 1980","1980"
"262","THE KINGDOM… IS LIKE…","Nov. 10, 1980","1980"
"263","RENDER UNTO CAESAR","Nov. 13, 1980","1980"
"264","A WIDER VIEW OF SPIRIT","Nov. 14, 1980","1980"
"265","HONESTY","Nov. 15, 1980","1980"
"266","THE PEOPLE OF GOD","Nov. 16, 1980","1980"
"267","DISCOMFORT","Nov. 19, 1980","1980"
"268","UPBRINGING","Nov. 22, 1980","1980"
"269","WELLNESS AND TODAY","Nov. 24, 1980","1980"
"270","DEATH … AND LIFE","Nov. 25, 1980","1980"
"271","MISFORTUNE… ACTUAL","Nov. 29, 1980","1980"
"272","HEAR THE WORD OF THE LORD","Dec. 04, 1980","1980"
"273","PAINS","Dec. 07, 1980","1980"
"274","AN ADVENTURE BEGUN","Dec. 12, 1980","1980"
"275","FAITH","Dec. 13, 1980","1980"
"276","MY CHURCH","Dec. 19, 1980","1980"
"277","SCRIPTURE","Dec. 20, 1980","1980"
"278","FALSE DOCTRINE","Dec. 21, 1980","1980"
"279","THE CHRISTMAS SPIRIT","Dec. 25, 1980","1980"
"280","A NEW YEAR","Jan. 03, 1981","1981"
"281","IN TIME OF STRESS","Jan. 04, 1981","1981"
"282","SEEING AND HEARING","Jan. 05, 1981","1981"
"283","COMMUNITY HEALTH","Jan. 06, 1981","1981"
"284","SURPRISE!","Jan. 07, 1981","1981"
"285","ETERNITY","Jan. 08, 1981","1981"
"286","WRITING AND SINGING","Jan. 09, 1981","1981"
"287","THE RHYTHM OF THE FUTURE","Jan. 11, 1981","1981"
"288","ANSWERING QUESTIONS","Jan. 13, 1981","1981"
"289","THRESHOLD OF A NEW RHYTHM","Jan. 18, 1981","1981"
"290","VALUES","Jan. 19, 1981","1981"
"291","TEACHING AND SPIRIT","Jan. 22, 1981","1981"
"292","REFLECTIONS ON A MONTH","Jan. 25, 1981","1981"
"293","TEACHING “IN THE SPIRIT”","Jan. 27, 1981","1981"
"294","TROUBLE IN THE FAMILY","Jan. 30, 1981","1981"
"295","MATTHEW, WHY ARE YOU OUR SON?","Jan. 31, 1981","1981"
"296","PRIORITIES","Feb. 03, 1981","1981"
"297","ADAPTATION","Feb. 06, 1981","1981"
"298","THE WHIRL OF LIFE","Feb. 08, 1981","1981"
"299","MINISTRATIONS","Feb. 10, 1981","1981"
"300","HEALTH IN COMMUNITY","Feb. 14, 1981","1981"
"301","IN THE FAMILY","Feb. 15, 1981","1981"
"302","THEOLOGY","Feb. 18, 1981","1981"
"303","MORE THEOLOGY","Feb. 21, 1981","1981"
"304","WAIT UPON THE LORD","Feb. 27, 1981","1981"
"305","REKINDLING SPIRIT","Feb. 28, 1981","1981"
"306","SPIRIT","Mar. 01, 1981","1981"
"307","ACHES AND PAINS","Mar. 08, 1981","1981"
"308","TEACHING","Mar. 13, 1981","1981"
"309","MORE ON TEACHING","Mar. 14, 1981","1981"
"310","LEG, BACK, AND SPIRIT","Mar. 15, 1981","1981"
"311","SYNTHESIS","Mar. 19, 1981","1981"
"312","YE DID NOT CHOOSE ME…","Mar. 24, 1981","1981"
"313","DOUBTS AND DIVERSITY","Mar. 28, 1981","1981"
"314","FEEL THE LORD’S PRESENCE","Apr. 03, 1981","1981"
"315","JESUS, THE WAY","Apr. 04, 1981","1981"
"316","PARENTING","Apr. 05, 1981","1981"
"317","FARM AS SPIRIT","Apr. 11, 1981","1981"
"318","KEEPING THE LAW","Apr. 12, 1981","1981"
"319","WHO’S IN CHARGE?","Apr. 14, 1981","1981"
"320","THE SPIRITUAL DIMENSION","Apr. 15, 1981","1981"
"321","ATONEMENT","Apr. 17, 1981","1981"
"322","HALLELUJAH!","Apr. 19, 1981","1981"
"323","POPULATION","Apr. 21, 1981","1981"
"324","SPRING TALK","Apr. 24, 1981","1981"
"325","TEARS FOR PETER","Apr. 26, 1981","1981"
"326","THE TREATMENT","May. 01, 1981","1981"
"327","CHRISTIAN UNITY","May. 03, 1981","1981"
"328","THE SPIRIT SPEAKS","May. 06, 1981","1981"
"329","DEATH","May. 09, 1981","1981"
"330","TWO YEARS","May. 10, 1981","1981"
"331","ANNIVERSARY, II","May. 11, 1981","1981"
"332","AFFAIRS OF THE SPIRIT IN THOSE CLOSE TO YOU","May. 17, 1981","1981"
"333","PAIN, AGAIN","May. 18, 1981","1981"
"334","A THIRD REMEMBRANCE","May. 20, 1981","1981"
"335","PRAYER","May. 21, 1981","1981"
"336","ACCOMPLISHMENTS","May. 25, 1981","1981"
"337","TRANSITION","May. 29, 1981","1981"
"338","WELCOME BACK!","Jun. 05, 1981","1981"
"339","TRUST IN THE LORD","Jun. 07, 1981","1981"
"340","TRAVELING","Jun. 10, 1981","1981"
"341","SPIRIT IN TEACHING","Jun. 14, 1981","1981"
"342","CLOSE ENCOUNTERS","Jun. 18, 1981","1981"
"343","THE SPIRIT SPEAKS","Jun. 23, 1981","1981"
"344","ALCOHOL AND THE SPIRIT","Jun. 24, 1981","1981"
"345","MEDICAL MACHINES","Jun. 26, 1981","1981"
"346","GOING HOME","Jul. 01, 1981","1981"
"347","SYMBOL OF A RELATIONSHIP","Jul. 09, 1981","1981"
"348","THE TEACHINGS CIRCULATE","Jul. 10, 1981","1981"
"349","FEELING THE SPIRIT","Jul. 11, 1981","1981"
"350","SPIRITUAL AWAKENING","Jul. 13, 1981","1981"
"351","YOUR CHILDREN","Jul. 17, 1981","1981"
"352","COMMUNICATING ABOUT SPIRIT","Jul. 18, 1981","1981"
"353","REVIEWING THE COMMISSION","Jul. 19, 1981","1981"
"354","A GROUP FORMS","Jul. 20, 1981","1981"
"355","RESEARCH IN THE SPIRIT","Jul. 22, 1981","1981"
"356","ILL-HEALTH","Jul. 23, 1981","1981"
"357","STAYING HOME","Jul. 24, 1981","1981"
"358","THE REVEALING","Jul. 25, 1981","1981"
"359","DUANE’S SERMON","Jul. 28, 1981","1981"
"360","HEARING MY VOICE","Jul. 31, 1981","1981"
"361","SCRIPTURAL AGREEMENT","Aug. 02, 1981","1981"
"362","THE CLASS AND THE READING","Aug. 03, 1981","1981"
"363","DEPRESSION","Aug. 08, 1981","1981"
"364","FATHERHOOD","Aug. 09, 1981","1981"
"365","INSTITUTIONS","Aug. 13, 1981","1981"
"366","FEELING INADEQUATE","Aug. 17, 1981","1981"
"367","IN THE MATTER OF FAITHFULNESS, II","Aug. 19, 1981","1981"
"368","GIVING","Aug. 21, 1981","1981"
"369","LEANING ON THE EVERLASTING ARMS","Aug. 24, 1981","1981"
"370","AWARENESS","Aug. 27, 1981","1981"
"371","RUMINATIONS","Aug. 30, 1981","1981"
"372","KNOWLEDGE","Aug. 31, 1981","1981"
"373","HAL’S RECIPES","Sep. 05, 1981","1981"
"374","RISK-TAKING AS SPIRITUAL BEHAVIOR","Sep. 07, 1981","1981"
"375","PREPARATION","Sep. 10, 1981","1981"
"376","CHRISTIAN MEDITATION","Sep. 12, 1981","1981"
"377","COMMITMENT","Sep. 15, 1981","1981"
"378","A CRY FOR HELP","Sep. 16, 1981","1981"
"379","WHEN TECHNOLOGY FAILS","Sep. 17, 1981","1981"
"380","JARS OF WINE","Sep. 18, 1981","1981"
"381","A CHRISTIAN SENSE OF SELF","Sep. 19, 1981","1981"
"382","EXPERIENCE WITH THE HOLY SPIRIT","Sep. 20, 1981","1981"
"383","LIFE IS CONTINUOUS","Sep. 21, 1981","1981"
"384","ORDINARY PEOPLE","Sep. 22, 1981","1981"
"385","MEDITATION","Sep. 23, 1981","1981"
"386","THE RHYTHM OF LIFE","Sep. 24, 1981","1981"
"387","HUMAN/SPIRITUAL INTERACTION","Sep. 25, 1981","1981"
"388","HUMAN/SPIRITUAL INTERACTION II","Sep. 26, 1981","1981"
"389","HUMAN/SPIRITUAL INTERACTION, YET AGAIN","Sep. 27, 1981","1981"
"390","FOOD","Oct. 02, 1981","1981"
"391","THE STORY GROWS","Oct. 09, 1981","1981"
"392","REALITY","Oct. 11, 1981","1981"
"393","IN THE MIDST OF A CITY","Oct. 13, 1981","1981"
"394","FEELING THE SPIRIT","Oct. 22, 1981","1981"
"395","YOUTH AND THE FUTURE","Oct. 24, 1981","1981"
"396","HUMAN POTENTIAL","Oct. 28, 1981","1981"
"397","FRUSTRATION","Oct. 31, 1981","1981"
"398","SCRIPTURE, YET AGAIN","Nov. 01, 1981","1981"
"399","FRIENDS AND FOES","Nov. 02, 1981","1981"
"400","FORCES","Nov. 03, 1981","1981"
"401","THE HOLY SPIRIT","Nov. 04, 1981","1981"
"402","UNKNOWN","Nov. 05, 1981","1981"
"403","SPIRITUAL ADAPTING","Nov. 06, 1981","1981"
"404","DRUNKENNESS","Nov. 08, 1981","1981"
"405","FALL SEASON","Nov. 13, 1981","1981"
"406","REFLECTIONS ON SPIRIT","Nov. 15, 1981","1981"
"407","PAINFUL GROWTH","Nov. 16, 1981","1981"
"408","SPIRIT AS HUMORIST","Nov. 20, 1981","1981"
"409","LETTER WRITING","Nov. 22, 1981","1981"
"410","DIVORCE","Nov. 24, 1981","1981"
"411","THANKSGIVING","Nov. 26, 1981","1981"
"412","WARMTH","Nov. 28, 1981","1981"
"413","SELF AND SPIRIT","Dec. 02, 1981","1981"
"414","THE RHYTHM OF LIFE","Dec. 04, 1981","1981"
"415","THE LORD GIVES… AND TAKES AWAY…","Dec. 09, 1981","1981"
"416","SIN","Dec. 10, 1981","1981"
"417","MONEY AND SPIRIT","Dec. 14, 1981","1981"
"418","SOME OBSERVATIONS ON JOHN","Dec. 14, 1981","1981"
"419","A PARABLE OF PIPES","Dec. 21, 1981","1981"
"420","LISTENING TO THE CHURCH","Dec. 29, 1981","1981"
"421","RUMINATIONS ON THE EARTH","Jan. 02, 1982","1982"
"422","A TIME TO BE BORN AND A TIME TO DIE","Jan. 04, 1982","1982"
"423","A TIME TO PLANT","Jan. 07, 1982","1982"
"424","CHAOS IN THE WORLD","Jan. 10, 1982","1982"
"425","“OUT OF PRACTICE”","Jan. 17, 1982","1982"
"426","FREEDOM AND BONDAGE","Jan. 18, 1982","1982"
"427","A TIME TO LAUGH","Jan. 21, 1982","1982"
"428","GATHERING","Jan. 23, 1982","1982"
"429","REALMS AND REALMS","Jan. 28, 1982","1982"
"430","REFLECTIONS ON LIFE","Jan. 30, 1982","1982"
"431","HAZARDS IN EARTH LIFE","Feb. 04, 1982","1982"
"432","STORIES","Feb. 07, 1982","1982"
"433","RESPONSIBILITY","Feb. 11, 1982","1982"
"434","AROUND THE TABLE","Feb. 15, 1982","1982"
"435","IN SEARCH OF TRUTH","Feb. 19, 1982","1982"
"436","“WHEN THE WORLD TURNS BADLY”","Feb. 21, 1982","1982"
"437","ANOTHER VIEW OF ETERNAL LIFE","Feb. 22, 1982","1982"
"438","A TIME TO MOURN AND A TIME TO DANCE","Mar. 01, 1982","1982"
"439","THE GOOD NEWS IS OLD","Mar. 06, 1982","1982"
"440","A TIME TO PLANT AND A TIME","Mar. 07, 1982","1982"
"441","SPIRITUAL PROGRESS","Mar. 11, 1982","1982"
"442","SUCCESS","Mar. 13, 1982","1982"
"443","SUCCESS, AGAIN","Mar. 14, 1982","1982"
"444","A TIME TO KILL AND A TIME TO HEAL","Mar. 15, 1982","1982"
"445","A RUMINATION ON THE ENVIRONMENT","Mar. 16, 1982","1982"
"446","RESEARCH","Mar. 17, 1982","1982"
"447","A TIME TO REND AND A TIME TO SEW","Mar. 18, 1982","1982"
"448","PROPHESY","Mar. 19, 1982","1982"
"449","A TIME FOR WAR AND A TIME FOR PEACE","Mar. 20, 1982","1982"
"450","WITNESSING","Mar. 21, 1982","1982"
"451","FOLLOW ME (II)","Mar. 28, 1982","1982"
"452","TEACHING","Mar. 29, 1982","1982"
"453","TEACHING ABOUT LIFE","Mar. 31, 1982","1982"
"454","SPIRITUAL HEALTH","Apr. 04, 1982","1982"
"455","SPIRIT AS A FACTOR IN HEALTH","Apr. 08, 1982","1982"
"456","CELEBRATION","Apr. 10, 1982","1982"
"457","EASTER RISE","Apr. 11, 1982","1982"
"458","ALCOHOL EDUCATION","Apr. 14, 1982","1982"
"459","SPIRIT AS A FACTOR IN DRINKING","Apr. 15, 1982","1982"
"460","FAITH","Apr. 17, 1982","1982"
"461","STORIES, II","Apr. 18, 1982","1982"
"462","PARENTING","Apr. 20, 1982","1982"
"463","WHERE IS SPIRIT?","Apr. 25, 1982","1982"
"464","OBSERVATIONS ON A WEEK","May. 01, 1982","1982"
"465","IN DEFENSE OF SUFFERING","May. 02, 1982","1982"
"466","FINANCES","May. 06, 1982","1982"
"467","THIS THAT WE DO TOGETHER","May. 08, 1982","1982"
"468","ECO/SPIRIT FARM!?","May. 09, 1982","1982"
"469","A TIME TO CAST AWAY STONES","May. 14, 1982","1982"
"470","MYSTICAL EVENTS","May. 17, 1982","1982"
"471","FRIENDSHIP","May. 19, 1982","1982"
"472","LESSONS FROM MARCO POLO","May. 20, 1982","1982"
"473","DEVAS","May. 23, 1982","1982"
"474","SECURITY","May. 24, 1982","1982"
"475","IN THE MATTER OF MATTHEW","May. 30, 1982","1982"
"476","THE PRESENCE OF THE HOLY SPIRIT","May. 31, 1982","1982"
"477","ILLNESS","Jun. 03, 1982","1982"
"478","HEALTH","Jun. 05, 1982","1982"
"479","MENTAL ILLNESS","Jun. 09, 1982","1982"
"480","HIGH BLOOD PRESSURE","Jun. 12, 1982","1982"
"481","THE WOMAN…","Jun. 13, 1982","1982"
"482","A TIME TO WRITE","Jun. 19, 1982","1982"
"483","A TIME TO WEEP AND A TIME TO LAUGH","Jun. 23, 1982","1982"
"484","CONSCIOUSNESS","Jun. 27, 1982","1982"
"485","FUNDAMENTALS","Jul. 02, 1982","1982"
"486","LISTENING BUT NOT HEARING","Jul. 03, 1982","1982"
"487","EXPERIENCES WITH SPIRIT","Jul. 04, 1982","1982"
"488","SCIENTIFIC STUDY OF MY WORLD","Jul. 05, 1982","1982"
"489","ALCOHOL AND SEXUALITY","Jul. 06, 1982","1982"
"490","A TIME TO EMBRACE…","Jul. 07, 1982","1982"
"491","PLAY","Jul. 08, 1982","1982"
"492","A REPRISE ON PLAY","Jul. 09, 1982","1982"
"493","SONGS AND SPIRIT","Jul. 12, 1982","1982"
"494","REUNION","Jul. 17, 1982","1982"
"495","A TIME TO REND AND A TIME TO SEW","Jul. 18, 1982","1982"
"496","TODAY’S RHYTHM","Jul. 23, 1982","1982"
"497","A UNIQUE SUNDAY","Jul. 25, 1982","1982"
"498","A NEW REFORMATION","Jul. 30, 1982","1982"
"499","A “NEW” LIFE","Aug. 01, 1982","1982"
"500","FREE ENTERPRISE","Aug. 02, 1982","1982"
"501","MOBILITY","Aug. 04, 1982","1982"
"502","A TIME FOR PEOPLE AND A TIME FOR…","Aug. 07, 1982","1982"
"503","ON SPIRITUAL MATURITY","Aug. 08, 1982","1982"
"504","ADAM AND EVE AND THE GARDEN","Aug. 09, 1982","1982"
"505","LIFE HAS ITS HILLS AND VALLEYS…","Aug. 16, 1982","1982"
"506","FUNDAMENTAL CHRISTIANITY","Aug. 17, 1982","1982"
"507","HERE IN HAWAII…","Aug. 18, 1982","1982"
"508","VOCATIONS","Aug. 19, 1982","1982"
"509","ALCOHOL AND HEALTH","Aug. 21, 1982","1982"
"510","REFLECTIONS ON A VACATION","Aug. 23, 1982","1982"
"511","A SHARING OF STORIES","Aug. 25, 1982","1982"
"512","THE RHYTHM OF LIFE","Aug. 29, 1982","1982"
"513","MY GRACE I GIVE TO YOU","Sep. 01, 1982","1982"
"514","MODERN LIFE","Sep. 04, 1982","1982"
"515","ONE SIDED","Sep. 06, 1982","1982"
"516","THE WONDERFUL HEALING PROCESS","Sep. 10, 1982","1982"
"517","INVESTMENT OF LIFE","Sep. 11, 1982","1982"
"518","ADAM AND EVE, CONTINUED","Sep. 13, 1982","1982"
"519","MODERN MACHINERY","Sep. 15, 1982","1982"
"520","BEHAVIOR CHANGE","Sep. 17, 1982","1982"
"521","SOME COMMENTS ON METAPHOR","Sep. 19, 1982","1982"
"522","LIFE AS A PRE-ELDERLY","Sep. 24, 1982","1982"
"523","SUICIDE","Sep. 29, 1982","1982"
"524","COMMITMENT","Oct. 05, 1982","1982"
"525","DO DAYS “UNFOLD”?","Oct. 06, 1982","1982"
"526","NON-TRADITIONAL… HEALTH… SPIRIT","Oct. 07, 1982","1982"
"527","WELLNESS","Oct. 09, 1982","1982"
"528","ANOTHER RHYTHM","Oct. 10, 1982","1982"
"529","THE CONGLOMERATE THAT IS HEALTH CARE","Oct. 11, 1982","1982"
"530","LIFE IN MANY FORMS","Oct. 12, 1982","1982"
"531","“THE THIRD WORLD”","Oct. 13, 1982","1982"
"532","SCRIPTURE, AGAIN","Oct. 14, 1982","1982"
"533","SPIRITUAL PATHWAYS","Oct. 16, 1982","1982"
"534","FAITH & FAITHFULNESS","Oct. 17, 1982","1982"
"535","IMPATIENCE","Oct. 18, 1982","1982"
"536","FAITHFULNESS","Oct. 22, 1982","1982"
"537","THE NEW REFORMATION, II","Oct. 24, 1982","1982"
"538","DARKNESS","Oct. 27, 1982","1982"
"539","SOME HERETICAL IDEAS","Oct. 28, 1982","1982"
"540","EXPECTATIONS","Oct. 31, 1982","1982"
"541","HEARING AS REVELATION","Nov. 01, 1982","1982"
"542","A GENTLE / VIOLENT MAN","Nov. 05, 1982","1982"
"543","HEALTH AND LIFE AFTER LIFE","Nov. 07, 1982","1982"
"544","THE EARTH IS THE LORD’S…","Nov. 08, 1982","1982"
"545","DEATH","Nov. 09, 1982","1982"
"546","A TIME TO LOVE AND A TIME TO HATE","Nov. 10, 1982","1982"
"547","A WAR NOT WON","Nov. 11, 1982","1982"
"548","SPIRIT IN THE WIND","Nov. 12, 1982","1982"
"549","APPRECIATION","Nov. 13, 1982","1982"
"550","BEHAVIOR CHANGE, II","Nov. 18, 1982","1982"
"551","PERSONAL TEACHINGS","Nov. 21, 1982","1982"
"552","THE TEACHINGS AND THE RUMINATIONS","Nov. 24, 1982","1982"
"553","LOVE, THE BUILDER","Nov. 25, 1982","1982"
"554","LOVE, THE HEALER","Nov. 28, 1982","1982"
"555","THE MESSIAH AND THE LAW","Dec. 01, 1982","1982"
"556","TRUST THE PROCESS","Dec. 05, 1982","1982"
"557","THE LESSON FROM PETER","Dec. 08, 1982","1982"
"558","THE POWER OF THE WORD","Dec. 13, 1982","1982"
"559","LOVE IS THE WAY","Dec. 14, 1982","1982"
"560","A TIME FOR COURAGE","Dec. 18, 1982","1982"
"561","FOR EVERYTHING THERE IS A SEASON","Dec. 27, 1982","1982"
"562","A LESSON IN ECONOMICS","Dec. 28, 1982","1982"
"563","JOBLESSNESS","Dec. 30, 1982","1982"
"564","SOME NEW YEAR THOUGHTS","Jan. 02, 1983","1983"
"565","THE PANOPLY OF EXPERIENCES","Jan. 06, 1983","1983"
"566","SPIRITUAL HEALTH","Jan. 07, 1983","1983"
"567","THE SPIRITUAL DIMENSION, II","Jan. 08, 1983","1983"
"568","SONGS AND UNDERSTANDING","Jan. 09, 1983","1983"
"569","SPIRITUAL HEALTH III","Jan. 10, 1983","1983"
"570","SPIRITUAL HEALTH IN COMMUNITY","Jan. 11, 1983","1983"
"571","SHALOM","Jan. 13, 1983","1983"
"572","ATTENTION TO HOLINESS","Jan. 16, 1983","1983"
"573","SPIRITUAL ADAPTING","Jan. 21, 1983","1983"
"574","A TIME TO HEAR","Jan. 30, 1983","1983"
"575","THOSE WHO HEAR AND SEE","Feb. 03, 1983","1983"
"576","RELIGION AND HEALTH","Feb. 05, 1983","1983"
"577","RELIGION AND MEDICINE","Feb. 07, 1983","1983"
"578","JOHN’S GOSPEL","Feb. 11, 1983","1983"
"579","A NEW DAY","Feb. 19, 1983","1983"
"580","SPIRIT AND HEALTH","Feb. 20, 1983","1983"
"581","REBIRTH","Feb. 25, 1983","1983"
"582","GRACE AND WELFARE","Feb. 26, 1983","1983"
"583","TIMES OF PLENTY, TIMES OF WANT","Feb. 28, 1983","1983"
"584","THE POWER OF SCRIPTURE","Mar. 05, 1983","1983"
"585","LETTERS","Mar. 12, 1983","1983"
"586","HUMAN LIFE","Mar. 13, 1983","1983"
"587","INJUSTICE","Mar. 16, 1983","1983"
"588","MY THOUGHTS ON GANDHI","Mar. 20, 1983","1983"
"589","A CHRISTIAN ETHIC","Mar. 23, 1983","1983"
"590","WAITING","Mar. 25, 1983","1983"
"591","ENJOYMENT OF LIFE","Mar. 27, 1983","1983"
"592","MY EARTH","Mar. 30, 1983","1983"
"593","SKYHOOK","Apr. 01, 1983","1983"
"594","FOLLOW ME… STILL","Apr. 10, 1983","1983"
"595","REVELATION AND KNOWLEDGE","Apr. 11, 1983","1983"
"596","A COMMON LIFESTYLE","Apr. 17, 1983","1983"
"597","RELIGION AND LIFESTYLE","Apr. 20, 1983","1983"
"598","OLDEN TIMES","Apr. 24, 1983","1983"
"599","“THE SPIRIT WORLD”","May. 01, 1983","1983"
"600","OLD FRIENDS","May. 06, 1983","1983"
"601","A VARIED TIME","May. 09, 1983","1983"
"602","ANOTHER ANNIVERSARY","May. 11, 1983","1983"
"603","ORDINARY FOLKS","May. 13, 1983","1983"
"604","CONFIDENCE","May. 16, 1983","1983"
"605","PERSPECTIVES","May. 24, 1983","1983"
"606","NEW BEGINNINGS","May. 28, 1983","1983"
"607","THE MEANING OF SEASONS","Jun. 03, 1983","1983"
"608","FRIENDSHIP","Jun. 04, 1983","1983"
"609","A TIME OF WEDDING","Jun. 10, 1983","1983"
"610","DISTRESS","Jun. 19, 1983","1983"
"611","THE OPPORTUNITIES OF LIFE","Jun. 22, 1983","1983"
"612","THE COURAGE TO BE","Jun. 24, 1983","1983"
"613","BUSYNESS","Jun. 28, 1983","1983"
"614","THE HOLY SPIRIT","Jul. 03, 1983","1983"
"615","MABEL AND YOU","Jul. 08, 1983","1983"
"616","SABBATICAL","Jul. 10, 1983","1983"
"617","REFLECTIONS ON A DISABILITY","Jul. 17, 1983","1983"
"618","DEATH… INDEED!","Jul. 23, 1983","1983"
"619","OTHER SOURCES","Jul. 24, 1983","1983"
"620","DEATH AND THE LIFE UNDERLYING","Aug. 01, 1983","1983"
"621","TRAGEDY IN THE MIDST","Aug. 03, 1983","1983"
"622","LEARNING FROM LIFE","Aug. 07, 1983","1983"
"623","AMAZING GRACE","Aug. 12, 1983","1983"
"624","DREAMS","Aug. 14, 1983","1983"
"625","REASONABLE DOUBT","Aug. 18, 1983","1983"
"626","AN ORTHODOX TEACHING","Aug. 21, 1983","1983"
"627","THE CLAN AND THE VALLEY","Aug. 24, 1983","1983"
"628","THE CLAN AND THE VALLEY II","Aug. 26, 1983","1983"
"629","A WAY OF KNOWING","Aug. 30, 1983","1983"
"630","POSITIVE HEALTH, AGAIN","Aug. 31, 1983","1983"
"631","A NEW CHURCH EXPERIENCE","Sep. 05, 1983","1983"
"632","TEACHINGS FROM AN OLD FRIEND","Sep. 11, 1983","1983"
"633","THE FALL SEASON","Sep. 13, 1983","1983"
"634","DATA COLLECTION","Sep. 14, 1983","1983"
"635","SCRIPTURE","Sep. 17, 1983","1983"
"636","PROPHESY","Sep. 25, 1983","1983"
"637","DOCTRINE","Sep. 26, 1983","1983"
"638","MEDITATION","Oct. 01, 1983","1983"
"639","STRESS AND SPIRIT","Oct. 02, 1983","1983"
"640","JOHN BAKER","Oct. 07, 1983","1983"
"641","HOLY SPIRIT AS ADMINISTRATOR","Oct. 08, 1983","1983"
"642","MIND AND SPIRIT","Oct. 09, 1983","1983"
"643","DIMENSIONS OF LOVE","Oct. 10, 1983","1983"
"644","PROFESSIONAL BUSINESS","Oct. 13, 1983","1983"
"645","HERE, TODAY","Oct. 14, 1983","1983"
"646","BACKWARDNESS","Oct. 16, 1983","1983"
"647","THE CRUNCH","Oct. 18, 1983","1983"
"648","SCIENCE AND SPIRIT","Oct. 19, 1983","1983"
"649","A CHATTERING MIND","Oct. 21, 1983","1983"
"650","CIRCULATION","Oct. 22, 1983","1983"
"651","THE CROSS","Oct. 23, 1983","1983"
"652","IN THE MIDST OF TIME","Oct. 25, 1983","1983"
"653","A CONFIRMATION","Oct. 27, 1983","1983"
"654","ON BEING AND BECOMING","Oct. 28, 1983","1983"
"655","GRACE AND MY SERMON","Oct. 31, 1983","1983"
"656","PAIN MANAGEMENT","Nov. 05, 1983","1983"
"657","ATONEMENT AND AT-ONEMENT","Nov. 07, 1983","1983"
"658","LIFE’S OPPORTUNITIES","Nov. 12, 1983","1983"
"659","CONVENTION MUSINGS","Nov. 14, 1983","1983"
"660","SPIRIT AND THE PROFESSION","Nov. 15, 1983","1983"
"661","A CALL FOR HELP","Nov. 19, 1983","1983"
"662","YOUR SABBATICAL EXPERIENCE","Nov. 22, 1983","1983"
"663","THANKSGIVING","Nov. 24, 1983","1983"
"664","THE SIMPLICITY OF LIFE","Nov. 27, 1983","1983"
"665","SOMETHING ABOUT RUMINATIONS","Dec. 02, 1983","1983"
"666","FELLOWSHIP","Dec. 03, 1983","1983"
"667","THE FORM OF WORSHIP","Dec. 04, 1983","1983"
"668","BEING THE CHURCH","Dec. 05, 1983","1983"
"669","A CALL TO SPIRIT","Dec. 07, 1983","1983"
"670","EATING AS TEACHING","Dec. 09, 1983","1983"
"671","TELLING OF EXPERIENCE","Dec. 11, 1983","1983"
"672","FOR EVERTHING THERE IS A SEASON… AGAIN","Dec. 13, 1983","1983"
"673","A PERSPECTIVE ON DEATH","Dec. 16, 1983","1983"
"674","IDEALISM AND SPIRIT","Dec. 18, 1983","1983"
"675","WHERE AM I?","Dec. 20, 1983","1983"
"676","NEW YEAR MUSINGS","Jan. 01, 1984","1984"
"677","NEBRASKA","Jan. 04, 1984","1984"
"678","INFLUENCE","Jan. 07, 1984","1984"
"679","IN A TIME OF WINTER","Jan. 10, 1984","1984"
"680","TOTAL DEPRAVITY","Jan. 13, 1984","1984"
"681","“RECEIVE THE HOLY GHOST”","Jan. 15, 1984","1984"
"682","AMEN","Jan. 18, 1984","1984"
"683","CULTURE… WHAT DO I THINK ABOUT CULTURE?","Jan. 22, 1984","1984"
"684","THE FUTURE","Jan. 27, 1984","1984"
"685","REACTION TO CRITICISM","Feb. 04, 1984","1984"
"686","SAY IT AGAIN, SPIRIT!","Feb. 05, 1984","1984"
"687","EVERLASTING LIFE","Feb. 07, 1984","1984"
"688","BALANCING","Feb. 10, 1984","1984"
"689","SIMPLE LIFE","Feb. 13, 1984","1984"
"690","REFLECTIONS ON A DAY","Feb. 18, 1984","1984"
"691","MEDITATION","Feb. 19, 1984","1984"
"692","CHATTER, CHATTER!","Feb. 24, 1984","1984"
"693","LIKE AS A FATHER","Feb. 26, 1984","1984"
"694","THOSE WHO RESPOND","Feb. 28, 1984","1984"
"695","MY WILL","Mar. 03, 1984","1984"
"696","PRAY FOR PEACE","Mar. 06, 1984","1984"
"697","LOVE… AND… FEAR","Mar. 09, 1984","1984"
"698","INERRANT SCRIPTURE","Mar. 10, 1984","1984"
"699","WAITING FOR THE MASTER","Mar. 16, 1984","1984"
"700","LIFE’S CHANGES","Mar. 18, 1984","1984"
"701","ZEN PRESBYTERIAN","Mar. 21, 1984","1984"
"702","THE ROAD NOW TRAVELED","Mar. 27, 1984","1984"
"703","AN ORTHODOX LESSON","Mar. 30, 1984","1984"
"704","HURRYING TO BE","Mar. 31, 1984","1984"
"705","MISSION?  CLEARER","Apr. 01, 1984","1984"
"706","LOVING AS LIVING","Apr. 05, 1984","1984"
"707","AM I SERIOUS?","Apr. 08, 1984","1984"
"708","PLANTING","Apr. 12, 1984","1984"
"709","AM I A METHODIST?","Apr. 15, 1984","1984"
"710","LOVING AS SPIRIT","Apr. 25, 1984","1984"
"711","SPIRIT AS HEALTH","Apr. 28, 1984","1984"
"712","A DAY OF OPPORTUNITY","May. 03, 1984","1984"
"713","REASSURANCE","May. 05, 1984","1984"
"714","SERVANT / LEADER","May. 07, 1984","1984"
"715","ANNIVERSARY … PLUS ONE","May. 12, 1984","1984"
"716","CATCHING UP","May. 21, 1984","1984"
"717","THE SPRING OF LIFE","May. 25, 1984","1984"
"718","THE POWER OF THE WORD, AGAIN","May. 26, 1984","1984"
"719","TRAGIC AND COMIC","May. 27, 1984","1984"
"720","REALMS AND REALMS","May. 28, 1984","1984"
"721","A TIME TO… ?","May. 29, 1984","1984"
"722","PERSPECTIVE","Jun. 01, 1984","1984"
"723","DRINKING","Jun. 04, 1984","1984"
"724","KNOWING WHO YOU ARE","Jun. 06, 1984","1984"
"725","GRACE IS FUNDAMENTAL","Jun. 08, 1984","1984"
"726","AN OCEAN","Jun. 11, 1984","1984"
"727","THE UNIMPORTANCE OF WORK","Jun. 12, 1984","1984"
"728","A SINGING HEART","Jun. 14, 1984","1984"
"729","TEACHING ABOUT MOOD MODIFICATION","Jun. 15, 1984","1984"
"730","REFLECTIONS ON A JOURNEY","Jun. 18, 1984","1984"
"731","SEEMS LIKE OLD TIMES…","Jun. 23, 1984","1984"
"732","ADAM AND EVE, AGAIN","Jun. 26, 1984","1984"
"733","THREE PREMISES","Jun. 28, 1984","1984"
"734","… ALONG YOUR PATH","Jun. 29, 1984","1984"
"735","KEEPING A COMMITMENT","Jun. 30, 1984","1984"
"736","FUNERAL","Jul. 01, 1984","1984"
"737","IN THE MATTER OF FAITHFULNESS","Jul. 03, 1984","1984"
"738","TRUTH IS HERE","Jul. 06, 1984","1984"
"739","SERMONS","Jul. 08, 1984","1984"
"740","PATRIOTISM","Jul. 09, 1984","1984"
"741","DISTRESS","Jul. 13, 1984","1984"
"742","WRITE THOSE LETTERS!","Jul. 14, 1984","1984"
"743","LAUGHTER","Jul. 17, 1984","1984"
"744","PROVIDING FOR NEEDS","Jul. 20, 1984","1984"
"745","LIFE’S GOALS","Jul. 25, 1984","1984"
"746","A CLASS COMPLETED","Jul. 28, 1984","1984"
"747","SELFISHNESS","Jul. 29, 1984","1984"
"748","A TIME TO REST… THEN A TIME TO TEACH","Aug. 01, 1984","1984"
"749","THE OTHER SIDE","Aug. 04, 1984","1984"
"750","SEXISM","Aug. 06, 1984","1984"
"751","SUSPENDED","Aug. 09, 1984","1984"
"752","PHYSICAL ACTION","Aug. 12, 1984","1984"
"753","SPIRIT IN SOUNDS","Aug. 16, 1984","1984"
"754","I DO FORGIVE","Aug. 25, 1984","1984"
"755","RELIGION","Aug. 26, 1984","1984"
"756","COMPETITION","Aug. 31, 1984","1984"
"757","REINCARNATION… AGAIN","Sep. 01, 1984","1984"
"758","… IT’S THE SPIRIT WITH WHICH YOU DO IT","Sep. 03, 1984","1984"
"759","THERE IS A TIME TO LAUGH","Sep. 08, 1984","1984"
"760","REPLAY","Sep. 14, 1984","1984"
"761","DISCERNMENT","Sep. 15, 1984","1984"
"762","A REITERATION","Sep. 17, 1984","1984"
"763","STRENGTH TO BE","Sep. 22, 1984","1984"
"764","THE BRAIN","Sep. 24, 1984","1984"
"765","LOVE, YET AGAIN","Sep. 29, 1984","1984"
"766","RUNNING… AND… WAITING","Oct. 01, 1984","1984"
"767","EDUCATION AND CHRIST","Oct. 05, 1984","1984"
"768","WAITING FOR THE SPIRIT","Oct. 06, 1984","1984"
"769","IT’S ALL ABOUT SPIRIT","Oct. 10, 1984","1984"
"770","SPIRIT IN CHILDREN","Oct. 11, 1984","1984"
"771","THE JOY OF RELATIONSHIP","Oct. 12, 1984","1984"
"772","IN THE MATTER OF SPIRIT","Oct. 17, 1984","1984"
"773","… WHILE ON THE BANKS…","Oct. 20, 1984","1984"
"774","SATAN AND EVIL","Oct. 22, 1984","1984"
"775","DEATH… AND LIFE","Oct. 26, 1984","1984"
"776","OBSERVATIONS ON HUMOR","Nov. 01, 1984","1984"
"777","THEOLOGY","Nov. 03, 1984","1984"
"778","LIFESTYLE","Nov. 09, 1984","1984"
"779","WISE… OR SHARING?","Nov. 12, 1984","1984"
"780","SEEKING A BALANCE","Nov. 13, 1984","1984"
"781","CHILDREN, AGAIN","Nov. 14, 1984","1984"
"782","BEING A PROFESSIONAL / SERVANT","Nov. 16, 1984","1984"
"783","MINISTRIES","Nov. 17, 1984","1984"
"784","THANKSGIVING","Nov. 23, 1984","1984"
"785","DREAMS… AND REALITY","Nov. 28, 1984","1984"
"786","DIFFERENT EXPERIENCES","Dec. 01, 1984","1984"
"787","FREEDOM AND EQUALITY","Dec. 05, 1984","1984"
"788","ANGELS AND OTHER BEINGS","Dec. 09, 1984","1984"
"789","THE PRODIGAL SON","Dec. 12, 1984","1984"
"790","A SEASON OF VARIETY","Dec. 22, 1984","1984"
"791","POST-CHRISTMAS MUSINGS","Dec. 27, 1984","1984"
"792","SPIRITUAL MATTERS","Jan. 02, 1985","1985"
"793","CYNICISM","Jan. 03, 1985","1985"
"794","FAMILY","Jan. 04, 1985","1985"
"795","THE BURNING BUSH","Jan. 05, 1985","1985"
"796","THE IMPORTANCE OF SEASONS","Jan. 06, 1985","1985"
"797","SPIRIT IN HEALTH","Jan. 07, 1985","1985"
"798","BEING CALLED","Jan. 08, 1985","1985"
"799","BIBLE STORIES","Jan. 13, 1985","1985"
"800","STRENGTH","Jan. 16, 1985","1985"
"801","COLD","Jan. 19, 1985","1985"
"802","ABORTION","Jan. 23, 1985","1985"
"803","WHEN YOU CALL","Jan. 27, 1985","1985"
"804","STORIES","Feb. 06, 1985","1985"
"805","PAINS AND REMEDIES","Feb. 10, 1985","1985"
"806","HANDICAPS","Feb. 13, 1985","1985"
"807","A REAFFIRMATION","Feb. 16, 1985","1985"
"808","FOOD FROM MY EARTH","Feb. 20, 1985","1985"
"809","SONS","Feb. 24, 1985","1985"
"810","CONFLICT","Feb. 27, 1985","1985"
"811","PLANNING","Mar. 02, 1985","1985"
"812","TIME","Mar. 06, 1985","1985"
"813","THE HOLY SPIRIT","Mar. 08, 1985","1985"
"814","ARE YOU A MYSTIC?","Mar. 09, 1985","1985"
"815","DEATH","Mar. 12, 1985","1985"
"816","EASTER","Mar. 16, 1985","1985"
"817","OPPORTUNITIES","Mar. 20, 1985","1985"
"818","FEARFUL THOUGHTS","Mar. 23, 1985","1985"
"819","NOTHING IS THE GOAL","Mar. 29, 1985","1985"
"820","BEHAVIOR AND GRACE","Mar. 30, 1985","1985"
"821","ABRAHAM AND ISAAC","Apr. 04, 1985","1985"
"822","RISEN FROM WHAT?","Apr. 07, 1985","1985"
"823","HUMAN/SPIRITUAL INTERACTION, AGAIN","Apr. 12, 1985","1985"
"824","AN EXPERIENCE IN LIVING","Apr. 14, 1985","1985"
"825","ELDERLY SPIRITS","Apr. 17, 1985","1985"
"826","GLUTTONY","Apr. 18, 1985","1985"
"827","CHRIST, THE SPIRIT","Apr. 19, 1985","1985"
"828","IDOLATRY VS. FAITH","Apr. 20, 1985","1985"
"829","HOLY, HOLY, HOLY","Apr. 26, 1985","1985"
"830","BRAIN AND SPIRIT","May. 05, 1985","1985"
"831","THE EARTH AS GARDEN","May. 08, 1985","1985"
"832","WHAT IS GOD?","May. 14, 1985","1985"
"833","THE SPIRIT SAYS…","May. 18, 1985","1985"
"834","LIFE… AND LIFE… AND LIFE…","May. 26, 1985","1985"
"835","SPIRIT AS TEACHER","May. 27, 1985","1985"
"836","BLESSINGS APLENTY","May. 31, 1985","1985"
"837","VIOLENCE, YET AGAIN","Jun. 02, 1985","1985"
"838","ORDER… AND CHAOS","Jun. 04, 1985","1985"
"839","THE IMPORTANCE OF NOW","Jun. 08, 1985","1985"
"840","THE “BIRTH” OF SPIRIT","Jun. 13, 1985","1985"
"841","SOUNDS OF THE EARTH","Jun. 16, 1985","1985"
"842","DOGMA","Jun. 19, 1985","1985"
"843","ARMAGEDDON","Jun. 21, 1985","1985"
"844","A RIVER BETWEEN BANKS","Jun. 23, 1985","1985"
"845","MUST I REPEAT?","Jun. 26, 1985","1985"
"846","DON’T FORGET… STORIES","Jun. 28, 1985","1985"
"847","COMMITMENT","Jul. 01, 1985","1985"
"848","INDEPENDENCE","Jul. 04, 1985","1985"
"849","HEALING","Jul. 06, 1985","1985"
"850","DEVELOPMENT OF SPIRIT","Jul. 09, 1985","1985"
"851","“DON’T KNOW”","Jul. 12, 1985","1985"
"852","HEALTH IS “OF OLD”","Jul. 14, 1985","1985"
"853","HUNGER","Jul. 19, 1985","1985"
"854","PATIENCE, O SON","Jul. 23, 1985","1985"
"855","SUMMER AS A SPIRITUAL SEASON","Jul. 27, 1985","1985"
"856","LOVE AND GRACE… MY BEST","Jul. 29, 1985","1985"
"857","THE LORD DOTH WATCH OVER …","Aug. 04, 1985","1985"
"858","“MENTAL HEALTH” AND SPIRIT","Aug. 06, 1985","1985"
"859","PRAYER IN PUBLIC","Aug. 09, 1985","1985"
"860","THE POWER OF NON-VIOLENCE","Aug. 14, 1985","1985"
"861","GREED AND SPIRIT","Aug. 15, 1985","1985"
"862","LIFE AS SPIRITUAL STORY","Aug. 19, 1985","1985"
"863","HANDICAPS AND SPIRIT","Aug. 21, 1985","1985"
"864","AN UPDATE ON FUN AND HUMOR","Aug. 23, 1985","1985"
"865","SENIORITY","Aug. 30, 1985","1985"
"866","BLOOD GIVING","Sep. 01, 1985","1985"
"867","ALTERING CONSCIOUSNESS","Sep. 03, 1985","1985"
"868","CONTEMPLATION","Sep. 08, 1985","1985"
"869","THE NATURAL RHYTHM OF ENTHUSIASM","Sep. 11, 1985","1985"
"870","SHARING STORIES","Sep. 14, 1985","1985"
"871","DEATH… AND ONGOING LIFE","Sep. 17, 1985","1985"
"872","FUN IN THE SUN","Sep. 19, 1985","1985"
"873","“TAKE TIME TO BE HOLY”","Sep. 22, 1985","1985"
"874","RESPONSIBILITIES","Sep. 26, 1985","1985"
"875","MUSIC IN THE AIR","Sep. 28, 1985","1985"
"876","AN ADVENTURE IN WISCONSIN","Oct. 06, 1985","1985"
"877","HELP WITH A PRESENTATION","Oct. 09, 1985","1985"
"878","LOVE IS THE RESULT","Oct. 11, 1985","1985"
"879","TEMPER","Oct. 17, 1985","1985"
"880","A DAY AT CHURCH","Oct. 21, 1985","1985"
"881","THE BODY HEALS ITSELF","Oct. 23, 1985","1985"
"882","A CONTINUING WORD ON DEATH","Oct. 27, 1985","1985"
"883","DID, TOOK, ARE","Nov. 01, 1985","1985"
"884","GRACE, YET AGAIN","Nov. 02, 1985","1985"
"885","CATCHING UP","Nov. 10, 1985","1985"
"886","SEEKING FOOD","Nov. 11, 1985","1985"
"887","I SAY AGAIN, SPIRIT IN TEACHING","Nov. 15, 1985","1985"
"888","BOLDNESS","Nov. 17, 1985","1985"
"889","TIME","Nov. 20, 1985","1985"
"890","NON-TRADITIONAL THOUGHT","Nov. 23, 1985","1985"
"891","TELEVISION","Nov. 25, 1985","1985"
"892","A TIME FOR THANKS","Nov. 28, 1985","1985"
"893","EXCLUSION","Dec. 06, 1985","1985"
"894","A DAY IN TIME","Dec. 07, 1985","1985"
"895","PRODUCTIVITY","Dec. 08, 1985","1985"
"896","SHARING THE FAITH","Dec. 14, 1985","1985"
"897","AN “UPDATE” ON JOHN","Dec. 15, 1985","1985"
"898","SPIRIT ON THE RUN","Dec. 20, 1985","1985"
"899","SPIRIT IN A NATURAL PLACE","Dec. 21, 1985","1985"
"900","FAMILIES","Jan. 04, 1986","1986"
"901","A CONFLICT","Jan. 07, 1986","1986"
"902","HOMOSEXUALITY","Jan. 09, 1986","1986"
"903","TERRORISM","Jan. 10, 1986","1986"
"904","IS IT RELIGIOUS?","Jan. 12, 1986","1986"
"905","WHY DO YOU DO THIS?","Jan. 16, 1986","1986"
"906","OF HOSPICE I APPROVE","Jan. 20, 1986","1986"
"907","WORLD VIEW OF THE HOLY SPIRIT","Jan. 22, 1986","1986"
"908","STRESS","Jan. 25, 1986","1986"
"909","DEATH… “ON THE WAY”","Jan. 29, 1986","1986"
"910","ANOTHER CONFLICT","Feb. 03, 1986","1986"
"911","WHAT’S GOOD?  WHAT’S BAD?","Feb. 07, 1986","1986"
"912","RELATIONSHIPS","Feb. 09, 1986","1986"
"913","A REASSESSMENT","Feb. 13, 1986","1986"
"914","JEREMIAH","Feb. 19, 1986","1986"
"915","DRUNKEN BEHAVIOR","Feb. 22, 1986","1986"
"916","YOUR DISABILITY","Feb. 26, 1986","1986"
"917","THE SPIRIT OF FUN","Mar. 01, 1986","1986"
"918","LIFE AND HEALTH","Mar. 04, 1986","1986"
"919","LENT","Mar. 06, 1986","1986"
"920","LOVE, YET AGAIN","Mar. 10, 1986","1986"
"921","RELATIONSHIPS","Mar. 12, 1986","1986"
"922","DEATH AND LIFE, YET AGAIN","Mar. 16, 1986","1986"
"923","LIGHT AND DARKNESS","Mar. 19, 1986","1986"
"924","THE EASTER SEASON","Mar. 26, 1986","1986"
"925","PURPOSE IN LIFE","Mar. 28, 1986","1986"
"926","SPIRITUAL VALUES AND HEALTH","Mar. 31, 1986","1986"
"927","ACCOMPLISHMENT","Apr. 05, 1986","1986"
"928","COMMUNICATING","Apr. 11, 1986","1986"
"929","ATTUNEMENT","Apr. 12, 1986","1986"
"930","FOLLOW ME","Apr. 18, 1986","1986"
"931","REASON AND SPIRIT","Apr. 20, 1986","1986"
"932","RESPONSIBILITY","Apr. 24, 1986","1986"
"933","A TIME OF SADNESS","Apr. 27, 1986","1986"
"934","THE GOSPEL STORIES","Apr. 30, 1986","1986"
"935","DISCIPLINE AND FREEDOM","May. 03, 1986","1986"
"936","SPIRIT IN SELF","May. 07, 1986","1986"
"937","SEVEN YEARS: AN ANNIVERSARY","May. 10, 1986","1986"
"938","SEVEN YEARS, II","May. 11, 1986","1986"
"939","POT","May. 14, 1986","1986"
"940","HAVE FUN!","May. 17, 1986","1986"
"941","HUMAN POTENTIAL","May. 22, 1986","1986"
"942","REMEMBERING A TIME OF WAR","May. 24, 1986","1986"
"943","SCRIPTURE AS PLACEBO","May. 27, 1986","1986"
"944","SPIRIT IN THE LEARNING PROCESS","Jun. 01, 1986","1986"
"945","LIFE IS A RIVER… AND PUDDLES","Jun. 02, 1986","1986"
"946","EVERLASTING AND ETERNAL","Jun. 03, 1986","1986"
"947","DISCIPLESHIP","Jun. 11, 1986","1986"
"948","DISCIPLINING SELF","Jun. 14, 1986","1986"
"949","PLAYING AT BELIEVING","Jun. 23, 1986","1986"
"950","GRACE IS SUFFICIENT","Jun. 30, 1986","1986"
"951","AN UPDATE ON ALCOHOL","Jul. 03, 1986","1986"
"952","FOUR GOSPELS","Jul. 05, 1986","1986"
"953","THOUGHTS ABOUT WORSHIP","Jul. 09, 1986","1986"
"954","DAVID’S STORY","Jul. 13, 1986","1986"
"955","REALITY:  MY PRESENCE","Jul. 16, 1986","1986"
"956","RAM, RAM, JAIA RAM","Jul. 18, 1986","1986"
"957","MODERN, BIBLICAL LIFE","Jul. 20, 1986","1986"
"958","LOCUS OF CONTROL","Jul. 25, 1986","1986"
"959","COMMITMENT","Jul. 26, 1986","1986"
"960","REFLECTIONS ON A CONFERENCE","Jul. 30, 1986","1986"
"961","MODERN MEDICINE","Jul. 31, 1986","1986"
"962","PURPOSE IN LIFE","Aug. 02, 1986","1986"
"963","THE SPIRIT IS NOW","Aug. 06, 1986","1986"
"964","DISHARMONY IN THE CHURCH","Aug. 08, 1986","1986"
"965","GOVERNMENT","Aug. 10, 1986","1986"
"966","WHAT IS “OF WORTH”?","Aug. 14, 1986","1986"
"967","BACK TO THE BIBLE","Aug. 17, 1986","1986"
"968","ARE THERE TWO “SIDES” TO SPIRIT?","Aug. 21, 1986","1986"
"969","LIFE:  A REVIEW","Aug. 31, 1986","1986"
"970","DEFENSE","Sep. 03, 1986","1986"
"971","DEPENDENCE","Sep. 07, 1986","1986"
"972","DO I TRULY “FOLLOW YOU”?","Sep. 12, 1986","1986"
"973","FAST PACE","Sep. 14, 1986","1986"
"974","REPAIRING THE BODY","Sep. 19, 1986","1986"
"975","A TIME FOR LIFE AND A TIME FOR DEATH","Sep. 23, 1986","1986"
"976","TRAVELING TO LEARN","Sep. 28, 1986","1986"
"977","ATTACHMENT","Sep. 29, 1986","1986"
"978","PUBLIC HEALTH","Sep. 30, 1986","1986"
"979","A STEADY FLOW OF KNOWLEDGE","Oct. 01, 1986","1986"
"980","ATTACHMENT, II","Oct. 03, 1986","1986"
"981","MEDITATION IN THE MOUNTAINS","Oct. 07, 1986","1986"
"982","IN THE HEART OF A CITY, AGAIN","Oct. 08, 1986","1986"
"983","MEET THE CHALLENGE","Oct. 20, 1986","1986"
"984","REALITY… JUST IS","Oct. 22, 1986","1986"
"985","A REAFFIRMATION","Oct. 25, 1986","1986"
"986","FUNDAMENTAL CHRISTIANITY","Oct. 31, 1986","1986"
"987","RETURNING THANKS","Nov. 01, 1986","1986"
"988","RIGHT BRAIN AND SPIRIT","Nov. 08, 1986","1986"
"989","ATTACHMENT, III","Nov. 09, 1986","1986"
"990","AIDS AND SPIRIT","Nov. 12, 1986","1986"
"991","FREEING THE CONSCIOUSNESS","Nov. 20, 1986","1986"
"992","HAZARDS AND SPIRIT","Nov. 21, 1986","1986"
"993","THE WAY OF THE LORD","Nov. 23, 1986","1986"
"994","ELECTION","Nov. 26, 1986","1986"
"995","BEING THE SERVANT YOU CAN BE","Nov. 28, 1986","1986"
"996","PRAYER","Nov. 30, 1986","1986"
"997","UNORTHODOXY","Dec. 08, 1986","1986"
"998","CRISIS IN A LIFE","Dec. 12, 1986","1986"
"999","AN EVENING DISCUSSION","Dec. 14, 1986","1986"
"1000","A TIME FOR CONTEMPLATION","Dec. 20, 1986","1986"
"1001","A NEW DAY IN A NEW PLACE","Dec. 21, 1986","1986"
"1002","AM I A LIBERAL?","Dec. 22, 1986","1986"
"1003","WIND IN MY WORLD","Dec. 23, 1986","1986"
"1004","MANY EXPERIENCES","Dec. 24, 1986","1986"
"1005","CHRISTIAN LIVING","Dec. 26, 1986","1986"
"1006","A DAY OF LEAVING","Dec. 27, 1986","1986"
"1007","TRYING AND NOT TRYING","Dec. 31, 1986","1986"
"1008","A MISSION","Jan. 07, 1987","1987"
"1009","IN MOMENTS OF TIME","Jan. 08, 1987","1987"
"1010","LOVE, YET AGAIN","Jan. 11, 1987","1987"
"1011","TELLING YOUR STORY","Jan. 15, 1987","1987"
"1012","DEATH AS BALANCE","Jan. 19, 1987","1987"
"1013","MY ROLE AS SPIRIT","Jan. 24, 1987","1987"
"1014","MYSTICAL CHRISTIANITY","Jan. 27, 1987","1987"
"1015","A SIGN","Jan. 29, 1987","1987"
"1016","PEACE AND STRUGGLE","Feb. 01, 1987","1987"
"1017","SUFFERING","Feb. 07, 1987","1987"
"1018","THE MYSTICAL AS REALITY","Feb. 08, 1987","1987"
"1019","DYING HEALTHY","Feb. 12, 1987","1987"
"1020","MY LIBERAL LEANINGS","Feb. 14, 1987","1987"
"1021","WARMTH","Feb. 20, 1987","1987"
"1022","WALKING THE LINE","Feb. 22, 1987","1987"
"1023","IN SPIRIT AND IN TRUTH","Feb. 26, 1987","1987"
"1024","THE EARTH IS THE LORD’S","Mar. 01, 1987","1987"
"1025","ETHICS, MORALITY, AND ME","Mar. 04, 1987","1987"
"1026","THE REALM OF TIME","Mar. 06, 1987","1987"
"1027","SUNDAY SCHOOL","Mar. 08, 1987","1987"
"1028","PAPAL AUTHORITY","Mar. 12, 1987","1987"
"1029","RESPONSIBILITIES","Mar. 13, 1987","1987"
"1030","BEING LED","Mar. 14, 1987","1987"
"1031","A TIME OF RESPITE","Mar. 28, 1987","1987"
"1032","A COLD SPELL","Mar. 30, 1987","1987"
"1033","ARMS AND SECURITY","Apr. 02, 1987","1987"
"1034","OPENNESS","Apr. 04, 1987","1987"
"1035","… THE OLD, OLD STORY","Apr. 06, 1987","1987"
"1036","PRAYER POWER","Apr. 09, 1987","1987"
"1037","CLANGING CYMBALS","Apr. 11, 1987","1987"
"1038","STORIES OF HEALTH","Apr. 12, 1987","1987"
"1039","PROCESS AND SPIRIT","Apr. 13, 1987","1987"
"1040","SPIRIT AS A FACTOR IN HEALTH","Apr. 14, 1987","1987"
"1041","HEALTH REQUIRES SPIRIT","Apr. 16, 1987","1987"
"1042","A CONVENTION CLOSES","Apr. 18, 1987","1987"
"1043","A MUSE ON ENVIRONMENT","Apr. 24, 1987","1987"
"1044","PASS / FAIL","Apr. 25, 1987","1987"
"1045","THE SPIRIT KNOWS","May. 01, 1987","1987"
"1046","A SPIRITUAL FUTURE","May. 03, 1987","1987"
"1047","YOU ARE BECAUSE I AM","May. 07, 1987","1987"
"1048","LIFE EVERLASTING","May. 09, 1987","1987"
"1049","GETTING YOUR ATTENTION","May. 10, 1987","1987"
"1050","NUMBER NINE","May. 11, 1987","1987"
"1051","THE ESSENTIAL BALANCE:  FUN","May. 14, 1987","1987"
"1052","RHYTHM, YET AGAIN","May. 17, 1987","1987"
"1053","THE SPIRIT IS HERE","May. 20, 1987","1987"
"1054","PEACE AND WAR","May. 22, 1987","1987"
"1055","REMEMBERING","May. 26, 1987","1987"
"1056","SLOW AND GENTLE","May. 30, 1987","1987"
"1057","LETTERS","Jun. 02, 1987","1987"
"1058","HEALTH","Jun. 04, 1987","1987"
"1059","RELATIONSHIPS","Jun. 08, 1987","1987"
"1060","AH, PENTECOST!","Jun. 10, 1987","1987"
"1061","IN AN OLD, NEW PLACE","Jun. 11, 1987","1987"
"1062","FIRST THINGS FIRST","Jun. 12, 1987","1987"
"1063","HOSANNA!","Jun. 13, 1987","1987"
"1064","SABBATH THOUGHTS","Jun. 14, 1987","1987"
"1065","PREVENTION","Jun. 18, 1987","1987"
"1066","SUNDAY THOUGHTS","Jun. 21, 1987","1987"
"1067","ALOHA","Jun. 22, 1987","1987"
"1068","AFFLUENCE","Jun. 25, 1987","1987"
"1069","LIFE IN THE EARTH","Jun. 28, 1987","1987"
"1070","SPIRITUAL ADAPTABILITY","Jul. 03, 1987","1987"
"1071","INDEPENDENCE","Jul. 04, 1987","1987"
"1072","RELATIVE VALUES","Jul. 05, 1987","1987"
"1073","SELF, SPIRITUAL","Jul. 06, 1987","1987"
"1074","DISCIPLINE","Jul. 07, 1987","1987"
"1075","ATTACHMENT, YET AGAIN","Jul. 08, 1987","1987"
"1076","BEING FAITHFUL","Jul. 09, 1987","1987"
"1077","FORGIVENESS","Jul. 12, 1987","1987"
"1078","UNDERSTANDING A CONCEPT","Jul. 16, 1987","1987"
"1079","TWO TASKS","Jul. 19, 1987","1987"
"1080","WALK IN THE SUN, O SON","Jul. 20, 1987","1987"
"1081","MEEKNESS","Jul. 21, 1987","1987"
"1082","SCRIPTURE, YET AGAIN","Jul. 22, 1987","1987"
"1083","THEOLOGY","Jul. 23, 1987","1987"
"1084","A CHRISTIAN EXPERIENCE","Jul. 27, 1987","1987"
"1085","CONSCIENCE","Jul. 29, 1987","1987"
"1086","ENJOY THE WARMTH","Aug. 03, 1987","1987"
"1087","THE EARTH IS SUFFICIENT","Aug. 04, 1987","1987"
"1088","A TIME FOR REDISTRIBUTION","Aug. 06, 1987","1987"
"1089","GO FORTH TO SERVE","Aug. 09, 1987","1987"
"1090","LIVING POOR","Aug. 11, 1987","1987"
"1091","PREDESTINATION","Aug. 14, 1987","1987"
"1092","CAN THERE BE HARMONY?","Aug. 16, 1987","1987"
"1093","“YOU’RE OUT!”","Aug. 18, 1987","1987"
"1094","PREDESTINATION, II","Aug. 20, 1987","1987"
"1095","COMPETITION","Aug. 21, 1987","1987"
"1096","SPIRIT IN TEACHING","Aug. 25, 1987","1987"
"1097","BEING A MODEL","Aug. 27, 1987","1987"
"1098","APPRECIATION OF LIFE","Aug. 29, 1987","1987"
"1099","A REVEALING","Sep. 02, 1987","1987"
"1100","THE COMMANDMENT TO LOVE","Sep. 05, 1987","1987"
"1101","ELEVATION","Sep. 08, 1987","1987"
"1102","PERSPECTIVES ON DEATH","Sep. 10, 1987","1987"
"1103","THE GOSPEL STORY","Sep. 11, 1987","1987"
"1104","CAN SPIRIT BE PART OF SCIENCE?","Sep. 17, 1987","1987"
"1105","LIVING FREE","Sep. 19, 1987","1987"
"1106","USE OF SCRIPTURE","Sep. 20, 1987","1987"
"1107","TEMPERANCE","Sep. 27, 1987","1987"
"1108","LOVE IS","Oct. 02, 1987","1987"
"1109","SOUNDS OF MUSIC","Oct. 08, 1987","1987"
"1110","AIDS","Oct. 12, 1987","1987"
"1111","SPIRITUAL ADDICTION","Oct. 14, 1987","1987"
"1112","CONFERENCING","Oct. 17, 1987","1987"
"1113","PUBLIC HEALTH, YET AGAIN","Oct. 19, 1987","1987"
"1114","IN SEARCH OF COMRADESHIP","Oct. 20, 1987","1987"
"1115","HEALTH CARE FOR ALL?","Oct. 21, 1987","1987"
"1116","LORDSHIP","Oct. 25, 1987","1987"
"1117","EVERYTHING IS GOD?","Oct. 28, 1987","1987"
"1118","THE SPIRIT TEACHES","Oct. 30, 1987","1987"
"1119","FELLOWSHIP IN THE CHURCH","Nov. 02, 1987","1987"
"1120","TESTIMONIES","Nov. 04, 1987","1987"
"1121","INNER STRENGTH","Nov. 06, 1987","1987"
"1122","YOU ARE MORE THAN…","Nov. 09, 1987","1987"
"1123","SPIRITUAL STORIES","Nov. 13, 1987","1987"
"1124","A TOUCH OF ILL-HEALTH","Nov. 15, 1987","1987"
"1125","SQUIGGLES","Nov. 19, 1987","1987"
"1126","BE FRUITFUL…","Nov. 20, 1987","1987"
"1127","DISCERNING THE TRUTH","Nov. 22, 1987","1987"
"1128","MISSED OPPORTUNITIES","Nov. 25, 1987","1987"
"1129","IN SEARCH OF RELEVANCE","Nov. 29, 1987","1987"
"1130","IN THE MIDST OF RESPONSIBILITY","Dec. 04, 1987","1987"
"1131","AIDS:  A SPIRITUAL CHALLENGE","Dec. 09, 1987","1987"
"1132","“YOUNG” SPIRITS","Dec. 13, 1987","1987"
"1133","A PERSONAL RELATIONSHIP…","Dec. 17, 1987","1987"
"1134","REBUILD YOUR SEX LIFE","Dec. 20, 1987","1987"
"1135","CHRISTMAS STORIES","Dec. 21, 1987","1987"
"1136","HUMANS:  MY CREATION","Dec. 22, 1987","1987"
"1137","ETERNAL LIFE, YET AGAIN","Dec. 23, 1987","1987"
"1138","BE IN THE LIGHT","Dec. 29, 1987","1987"
"1139","THE DILEMMA OF FAITH","Dec. 30, 1987","1987"
"1140","THE YEAR AHEAD","Jan. 01, 1988","1988"
"1141","SINS","Jan. 05, 1988","1988"
"1142","TECHNOLOGY, YET AGAIN","Jan. 07, 1988","1988"
"1143","SELF DISCIPLINE","Jan. 09, 1988","1988"
"1144","A NEW AGE?","Jan. 13, 1988","1988"
"1145","RETIREMENT","Jan. 15, 1988","1988"
"1146","POLITICS","Jan. 17, 1988","1988"
"1147","ECOLOGICAL BALANCE","Jan. 21, 1988","1988"
"1148","WHAT IS MYSTICAL?","Jan. 23, 1988","1988"
"1149","AUTHORITY","Jan. 26, 1988","1988"
"1150","ACADEMIC LIFE","Jan. 28, 1988","1988"
"1151","THE BIBLE TIMES… AND NOW","Jan. 29, 1988","1988"
"1152","FREE FALL","Feb. 02, 1988","1988"
"1153","INVOCATION","Feb. 03, 1988","1988"
"1154","LOOK BUSY!","Feb. 06, 1988","1988"
"1155","CONTRA","Feb. 09, 1988","1988"
"1156","OIL AND WATER","Feb. 11, 1988","1988"
"1157","EARTHQUAKE","Feb. 13, 1988","1988"
"1158","COMMUNISM","Feb. 16, 1988","1988"
"1159","JOB","Feb. 19, 1988","1988"
"1160","SPIRIT AS YEAST","Feb. 21, 1988","1988"
"1161","FAMILY","Feb. 26, 1988","1988"
"1162","AWARENESS AND APPRECIATION","Feb. 27, 1988","1988"
"1163","WHEN IT IS GONE","Mar. 01, 1988","1988"
"1164","TRUE FAMILY","Mar. 05, 1988","1988"
"1165","LIFE IS ETERNAL","Mar. 10, 1988","1988"
"1166","IN THE TIME OF LENT","Mar. 12, 1988","1988"
"1167","HEALTH = BALANCING","Mar. 13, 1988","1988"
"1168","HOLY SPIRIT","Mar. 16, 1988","1988"
"1169","ANOTHER LOOK AT SUN","Mar. 22, 1988","1988"
"1170","SPIRIT IS THE WORD","Mar. 25, 1988","1988"
"1171","COIN OF THE REALM","Apr. 02, 1988","1988"
"1172","QUESTIONS ABOUT LIFE","Apr. 05, 1988","1988"
"1173","ANNIVERSARY","Apr. 06, 1988","1988"
"1174","GOD IN LEISURE","Apr. 07, 1988","1988"
"1175","PEACE IN THE EARTH","Apr. 09, 1988","1988"
"1176","FIRE AND WATER","Apr. 10, 1988","1988"
"1177","“… BY YOURSELF”","Apr. 14, 1988","1988"
"1178","COMMITMENT, YET AGAIN","Apr. 18, 1988","1988"
"1179","BRASH RELATIONSHIP","Apr. 20, 1988","1988"
"1180","DAVIS WAS CHOSEN","Apr. 22, 1988","1988"
"1181","RESTORE THE RHYTHM CONCEPT","Apr. 24, 1988","1988"
"1182","… AND THERE ARE OTHER SHEEP…","Apr. 29, 1988","1988"
"1183","WEALTH","May. 01, 1988","1988"
"1184","SIMPLE THOUGHTS","May. 04, 1988","1988"
"1185","DEFINITE MESSAGES","May. 06, 1988","1988"
"1186","DISEASE","May. 07, 1988","1988"
"1187","ANOTHER ANNIVERSARY","May. 11, 1988","1988"
"1188","ECOLOGICAL PERSPECTIVE ON DEATH","May. 13, 1988","1988"
"1189","A YOUNG LIFE TAKEN","May. 17, 1988","1988"
"1190","DEATH IN ECOLOGICAL PERSPECTIVE","May. 19, 1988","1988"
"1191","PROPHET?  NO","May. 20, 1988","1988"
"1192","ESCHATOLOGY","May. 22, 1988","1988"
"1193","MY “ANNIVERSARY”","May. 23, 1988","1988"
"1194","RAIN","May. 24, 1988","1988"
"1195","SAMSON","May. 25, 1988","1988"
"1196","TRANSFORMATION OF ENERGY","May. 26, 1988","1988"
"1197","A SCENARIO OF DEATH","May. 27, 1988","1988"
"1198","EDUCATING “MY WAY”","May. 28, 1988","1988"
"1199","DISCIPLINE","May. 29, 1988","1988"
"1200","SPIRIT AND RIGHT BRAIN","Jun. 01, 1988","1988"
"1201","SUGGESTIONS FOR THE WEEK AHEAD","Jun. 04, 1988","1988"
"1202","TESTIMONIES","Jun. 05, 1988","1988"
"1203","YES, STORIES","Jun. 06, 1988","1988"
"1204","TIME WAS…","Jun. 08, 1988","1988"
"1205","TIME TO RESTORE","Jun. 11, 1988","1988"
"1206","BEYOND CONFUSION","Jun. 14, 1988","1988"
"1207","ANOTHER RUMINATIONS","Jun. 17, 1988","1988"
"1208","THE TWO CONCEPTS","Jun. 20, 1988","1988"
"1209","BALANCING, BALANCING","Jun. 22, 1988","1988"
"1210","SELF AND WORLD","Jun. 23, 1988","1988"
"1211","FRIENDSHIP","Jun. 24, 1988","1988"
"1212","THE ECOLOGICAL DILEMMA","Jun. 25, 1988","1988"
"1213","A FUN MEETING","Jun. 26, 1988","1988"
"1214","THE BARNABAS STORY","Jun. 28, 1988","1988"
"1215","THE WOES OF LIVING","Jul. 04, 1988","1988"
"1216","IT’S SPIRIT THAT HEALS","Jul. 07, 1988","1988"
"1217","SPIRIT IN THE MIRROR","Jul. 11, 1988","1988"
"1218","THE MYSTICAL PROCESS","Jul. 14, 1988","1988"
"1219","TIME AS REALITY","Jul. 16, 1988","1988"
"1220","OFF TO SCHOOL","Jul. 22, 1988","1988"
"1221","AGE AND SPIRIT","Jul. 23, 1988","1988"
"1222","THE DESIRE TO HAVE","Jul. 24, 1988","1988"
"1223","PEACEFUL THOUGHTS","Jul. 25, 1988","1988"
"1224","AN EXCITING FUTURE","Jul. 26, 1988","1988"
"1225","JESUS AS PRESBYTERIAN","Jul. 27, 1988","1988"
"1226","BALANCING, YET AGAIN","Jul. 28, 1988","1988"
"1227","SCHOOL’S OVER","Jul. 31, 1988","1988"
"1228","SCIENCE AND ME","Aug. 02, 1988","1988"
"1229","TIME… THE MASTER?","Aug. 05, 1988","1988"
"1230","PRO LIFE","Aug. 08, 1988","1988"
"1231","TEACHINGS","Aug. 12, 1988","1988"
"1232","LIVE LIFE FULLY","Aug. 15, 1988","1988"
"1233","WITHIN","Aug. 20, 1988","1988"
"1234","NATURE’S WAY","Aug. 22, 1988","1988"
"1235","RESEARCHING SPIRIT","Aug. 25, 1988","1988"
"1236","ENJOY THE EXPERIENCE","Aug. 29, 1988","1988"
"1237","HEALTH IS…","Aug. 30, 1988","1988"
"1238","WHEN SPIRIT SPEAKS…","Aug. 31, 1988","1988"
"1239","A WONDROUS HOST","Sep. 07, 1988","1988"
"1240","THE SPIRIT OF A PLACE","Sep. 09, 1988","1988"
"1241","THE “RAPTURE”","Sep. 10, 1988","1988"
"1242","A POSITIVE VIEW OF LIFE","Sep. 11, 1988","1988"
"1243","RELUCTANCE TO SHARE","Sep. 12, 1988","1988"
"1244","HEALTHY BALANCING","Sep. 14, 1988","1988"
"1245","GRACE","Sep. 15, 1988","1988"
"1246","WHEN I CALL…","Sep. 16, 1988","1988"
"1247","HOME… AND A NEW SEASON","Sep. 22, 1988","1988"
"1248","WHEN LIFE RUNS FAST","Sep. 24, 1988","1988"
"1249","ETHICS AND ME","Sep. 25, 1988","1988"
"1250","A SPIRITUAL AFTERNOON","Sep. 29, 1988","1988"
"1251","THEOLOGY, YET AGAIN","Oct. 03, 1988","1988"
"1252","CHANGING SEASONS","Oct. 05, 1988","1988"
"1253","HEALING POWER","Oct. 07, 1988","1988"
"1254","A FAMILY TRAGEDY","Oct. 09, 1988","1988"
"1255","SON OF MAN","Oct. 11, 1988","1988"
"1256","TWO WELLSPRINGS MERGE","Oct. 13, 1988","1988"
"1257","LOSS OF A SPIRITUAL HOME","Oct. 15, 1988","1988"
"1258","COUNSELING","Oct. 17, 1988","1988"
"1259","SPIRITUAL ADAPTING","Oct. 19, 1988","1988"
"1260","WEATHER","Oct. 21, 1988","1988"
"1261","SPIRIT AND SOUL","Oct. 24, 1988","1988"
"1262","UPON THE ROCK","Oct. 26, 1988","1988"
"1263","WHAT IS TRUTH?","Oct. 29, 1988","1988"
"1264","TWO WELLSPRINGS, AGAIN","Nov. 03, 1988","1988"
"1265","BAPTISM AND ME","Nov. 07, 1988","1988"
"1266","HUMAN ECOLOGY","Nov. 09, 1988","1988"
"1267","LET ME CHOOSE","Nov. 11, 1988","1988"
"1268","HEARING ANOTHER","Nov. 15, 1988","1988"
"1269","A SEASON OF THANKS","Nov. 18, 1988","1988"
"1270","A TRUE EVALUATION","Nov. 21, 1988","1988"
"1271","A TIME OF FAMILY THANKS","Nov. 27, 1988","1988"
"1272","SAINTS","Nov. 29, 1988","1988"
"1273","THE HUMAN MIND","Dec. 01, 1988","1988"
"1274","WORTHWHILE PROCESSES","Dec. 03, 1988","1988"
"1275","THE WORD AT CHRISTMAS","Dec. 05, 1988","1988"
"1276","REMEMBRANCE AND ANTICIPATION","Dec. 07, 1988","1988"
"1277","THE DISCIPLINE THAT ASSURES GRACE","Dec. 11, 1988","1988"
"1278","GOD WITHIN","Dec. 13, 1988","1988"
"1279","BACK TO THE GARDEN?","Dec. 15, 1988","1988"
"1280","SPEAKING PLAINLY","Dec. 17, 1988","1988"
"1281","FEARS","Dec. 28, 1988","1988"
"1282","RESOLUTIONS","Dec. 31, 1988","1988"
"1283","CHRIS","Jan. 02, 1989","1989"
"1284","A NEW BEGINNING","Jan. 03, 1989","1989"
"1285","THE MYTH OF JONAH","Jan. 06, 1989","1989"
"1286","BALANCING, YET AGAIN","Jan. 07, 1989","1989"
"1287","CONVERSATION","Jan. 11, 1989","1989"
"1288","STEWARDSHIP… AGAIN","Jan. 15, 1989","1989"
"1289","BEING YOURSELF","Jan. 18, 1989","1989"
"1290","ECOLOGY AND SPIRIT","Jan. 20, 1989","1989"
"1291","TO THE “END”…","Jan. 22, 1989","1989"
"1292","TELLING YOUR STORY…","Jan. 24, 1989","1989"
"1293","POLITICS","Jan. 26, 1989","1989"
"1294","BREAK THROUGH","Jan. 28, 1989","1989"
"1295","BROTHERHOOD","Jan. 30, 1989","1989"
"1296","CHAOS AND ME","Feb. 01, 1989","1989"
"1297","BOTH ONE AND THREE","Feb. 03, 1989","1989"
"1298","PARENTING","Feb. 05, 1989","1989"
"1299","LIBERATION THEOLOGY","Feb. 07, 1989","1989"
"1300","THANKS BE TO GOD","Feb. 09, 1989","1989"
"1301","A TIME TO TALK… AND TO LISTEN","Feb. 11, 1989","1989"
"1302","MIND OVER SPIRIT","Feb. 13, 1989","1989"
"1303","CREATION… NO KA OE","Feb. 15, 1989","1989"
"1304","FRIENDS","Feb. 17, 1989","1989"
"1305","STRESS","Feb. 21, 1989","1989"
"1306","IN THE MIST","Feb. 22, 1989","1989"
"1307","SEEKERS","Feb. 26, 1989","1989"
"1308","BIBLE STUDY","Feb. 28, 1989","1989"
"1309","AMONG THE SEEKERS","Mar. 02, 1989","1989"
"1310","CHRIST SPIRIT","Mar. 07, 1989","1989"
"1311","SAINTS, ANGELS, AND…","Mar. 13, 1989","1989"
"1312","RESISTANCE","Mar. 18, 1989","1989"
"1313","IMAGINATION","Mar. 21, 1989","1989"
"1314","“THE NIGHT”","Mar. 24, 1989","1989"
"1315","HEAVEN AND HELL","Mar. 27, 1989","1989"
"1316","HELL","Mar. 29, 1989","1989"
"1317","SUPER COSMOLOGY","Mar. 31, 1989","1989"
"1318","STORIES, YET AGAIN","Apr. 02, 1989","1989"
"1319","LISTENING TO ANOTHER","Apr. 05, 1989","1989"
"1320","TEACHINGS GALORE","Apr. 07, 1989","1989"
"1321","CANCER","Apr. 10, 1989","1989"
"1322","ILL HEALTH","Apr. 14, 1989","1989"
"1323","WORLD HUNGER","Apr. 16, 1989","1989"
"1324","THE OLD AND THE NEW","Apr. 19, 1989","1989"
"1325","WAR AND PEACE","Apr. 20, 1989","1989"
"1326","COMMUNITY, PLUS","Apr. 21, 1989","1989"
"1327","RESPONSIBILITY","Apr. 22, 1989","1989"
"1328","ONE WAY?","Apr. 23, 1989","1989"
"1329","THE FUTURE","Apr. 26, 1989","1989"
"1330","HELL, II","Apr. 28, 1989","1989"
"1331","HEAVENLY REALMS","May. 01, 1989","1989"
"1332","AIDS… AND DEATH","May. 03, 1989","1989"
"1333","HUMAN/SPIRITUAL INTERACTING","May. 06, 1989","1989"
"1334","PREDESTINATION, YET AGAIN","May. 08, 1989","1989"
"1335","A “COMING TOGETHER”","May. 10, 1989","1989"
"1336","ONE DECADE","May. 11, 1989","1989"
"1337","FAILURE","May. 13, 1989","1989"
"1338","MY “BIRTHDAY”","May. 15, 1989","1989"
"1339","PENTECOST, AGAIN","May. 17, 1989","1989"
"1340","SPIRITUAL HEALTH","May. 20, 1989","1989"
"1341","SUPPORT GROUPS","May. 23, 1989","1989"
"1342","SELF, SPIRITUAL, AGAIN","May. 25, 1989","1989"
"1343","BIRTHDAY","May. 26, 1989","1989"
"1344","A TIME AWAY","Jun. 01, 1989","1989"
"1345","RESILIENCY OF SPIRIT","Jun. 02, 1989","1989"
"1346","… THE PLACE IS FAMILIAR…","Jun. 03, 1989","1989"
"1347","THE YOUNG… AND… THE OLD","Jun. 04, 1989","1989"
"1348","A CONVERSATION ABOUT ME","Jun. 06, 1989","1989"
"1349","BE FRUITFUL…","Jun. 07, 1989","1989"
"1350","ALOHA","Jun. 12, 1989","1989"
"1351","EDUCATION","Jun. 13, 1989","1989"
"1352","ANOTHER CLASS","Jun. 16, 1989","1989"
"1353","CHANGES IN THE BODY","Jun. 21, 1989","1989"
"1354","A PERSONAL THEOLOGY","Jun. 23, 1989","1989"
"1355","SIN AND SINNERS","Jun. 26, 1989","1989"
"1356","POWER AND ME","Jun. 28, 1989","1989"
"1357","SPIRIT AS PREVENTION","Jul. 01, 1989","1989"
"1358","ACCEPTANCE","Jul. 04, 1989","1989"
"1359","OLD AGE","Jul. 09, 1989","1989"
"1360","A REPLY TO JASON","Jul. 11, 1989","1989"
"1361","ON THE BRINK","Jul. 14, 1989","1989"
"1362","DEATH IN CHRISTIAN PERSPECTIVE","Jul. 15, 1989","1989"
"1363","ETHICS AND ME","Jul. 17, 1989","1989"
"1364","ANOTHER BUMP TOWARD AN","Jul. 19, 1989","1989"
"1365","SATISFACTION","Jul. 20, 1989","1989"
"1366","OLD TESTAMENT ETHICS","Jul. 24, 1989","1989"
"1367","THE EXPERIENCE OF LIGHT","Jul. 26, 1989","1989"
"1368","EMPTYING AND EMPTINESS","Jul. 30, 1989","1989"
"1369","DAVID, MY KING","Aug. 01, 1989","1989"
"1370","CHAOS AND ME","Aug. 03, 1989","1989"
"1371","MORE OF DAVID’S STORY","Aug. 06, 1989","1989"
"1372","HEALTH, YET AGAIN","Aug. 07, 1989","1989"
"1373","PSALMS","Aug. 08, 1989","1989"
"1374","POSTSCRIPT TO A PARABLE","Aug. 13, 1989","1989"
"1375","NEW THEOLOGIES","Aug. 17, 1989","1989"
"1376","COINCIDENCE","Aug. 21, 1989","1989"
"1377","THANKFULNESS","Aug. 24, 1989","1989"
"1378","IS THIS MEDITATION?","Aug. 26, 1989","1989"
"1379","THE PROCESS NEVER FAILS","Aug. 29, 1989","1989"
"1380","A THEOLOGY OF DEATH","Aug. 31, 1989","1989"
"1381","HEALTH EDUCATORS","Sep. 02, 1989","1989"
"1382","THE DRUG SCENE","Sep. 04, 1989","1989"
"1383","“SAY YES TO A WAR”","Sep. 06, 1989","1989"
"1384","TIME TO RUMINATE","Sep. 08, 1989","1989"
"1385","DRUGS… YET AGAIN","Sep. 11, 1989","1989"
"1386","THE RELATIVE NATURE OF SIN","Sep. 15, 1989","1989"
"1387","HOLISTIC RELIGION","Sep. 17, 1989","1989"
"1388","WHEN YOUR BODY REACTS…","Sep. 21, 1989","1989"
"1389","A TIME OF STIMULATION","Sep. 29, 1989","1989"
"1390","MYSTIC IN THE MIDST","Oct. 01, 1989","1989"
"1391","WOMEN","Oct. 04, 1989","1989"
"1392","TRUST ME","Oct. 07, 1989","1989"
"1393","A TIME IN YOUR LIFE","Oct. 11, 1989","1989"
"1394","SCRIPTURE’S CHALLENGE","Oct. 14, 1989","1989"
"1395","LITURGY AND INNOVATION","Oct. 17, 1989","1989"
"1396","HEALTH AND DISEASE","Oct. 21, 1989","1989"
"1397","LIFE WORK","Oct. 22, 1989","1989"
"1398","WHEN SPIRIT SOARS","Oct. 23, 1989","1989"
"1399","SOLVING PROBLEMS?","Oct. 25, 1989","1989"
"1400","SECURITY","Oct. 27, 1989","1989"
"1401","SAINTS, DEAD AND ALIVE","Oct. 29, 1989","1989"
"1402","UMBRAGE","Nov. 01, 1989","1989"
"1403","AMERICAN YOUTH","Nov. 03, 1989","1989"
"1404","DEEP ECOLOGY","Nov. 06, 1989","1989"
"1405","IS HEALTH THIS EASY?","Nov. 12, 1989","1989"
"1406","NEAR DEATH EXPERIENCE","Nov. 15, 1989","1989"
"1407","A DEEP THEOLOGY FOR NOW","Nov. 18, 1989","1989"
"1408","MORE ON A DEEP THEOLOGY","Nov. 19, 1989","1989"
"1409","EMPHASIZE THE THEOLOGY","Nov. 22, 1989","1989"
"1410","STORIES, NO KA OE","Nov. 29, 1989","1989"
"1411","A TIME TO WRITE","Dec. 02, 1989","1989"
"1412","THE CHURCH","Dec. 04, 1989","1989"
"1413","THE DAY BEFORE…","Dec. 06, 1989","1989"
"1414","HOLISTIC EDUCATION","Dec. 08, 1989","1989"
"1415","JEREMIAH?","Dec. 10, 1989","1989"
"1416","DISCOMFORT","Dec. 14, 1989","1989"
"1417","THE SPIRIT IS ACTIVE","Dec. 18, 1989","1989"
"1418","EMPHASIZE THE POSITIVE","Dec. 20, 1989","1989"
"1419","IN SEARCH OF TRUTH","Dec. 31, 1989","1989"
"1420","INTERCHANGE IN A TUB","Jan. 01, 1990","1990"
"1421","BURNED OUT?  UP?","Jan. 03, 1990","1990"
"1422","TWO LIVES, ONE SPIRIT","Jan. 09, 1990","1990"
"1423","… AND, IN THE END, SUFFERING…","Jan. 11, 1990","1990"
"1424","ETERNAL LIFE:  UPDATE","Jan. 13, 1990","1990"
"1425","SIN, YET AGAIN","Jan. 15, 1990","1990"
"1426","WELLSPRINGS","Jan. 17, 1990","1990"
"1427","ACCENT THE POSITIVE, YET AGAIN","Jan. 19, 1990","1990"
"1428","SPIRIT WITH YOU","Jan. 20, 1990","1990"
"1429","FUN IN LIVING","Jan. 22, 1990","1990"
"1430","A PARADIGM’S A COMIN’","Jan. 24, 1990","1990"
"1431","A FILM ABOUT WAR","Jan. 26, 1990","1990"
"1432","COMFORT","Jan. 28, 1990","1990"
"1433","THE CHURCH, YET AGAIN","Jan. 30, 1990","1990"
"1434","FEAR OF DYING","Feb. 03, 1990","1990"
"1435","WHEN IT’S OLD AGE","Feb. 05, 1990","1990"
"1436","LORD OF ALL… REALLY!","Feb. 08, 1990","1990"
"1437","SENIORITY AND SPIRIT","Feb. 10, 1990","1990"
"1438","EXPRESSING SPIRIT","Feb. 13, 1990","1990"
"1439","AN IMPROBABLE RELATIONSHIP","Feb. 15, 1990","1990"
"1440","RETIREMENT","Feb. 17, 1990","1990"
"1441","PRIVILEGED LIFE","Feb. 19, 1990","1990"
"1442","SPIRITUAL HEALTH:  AN UPDATE","Feb. 21, 1990","1990"
"1443","EDEN AS SYMBOL","Feb. 23, 1990","1990"
"1444","MATTHEW’S FUTURE","Feb. 27, 1990","1990"
"1445","SUICIDE","Mar. 01, 1990","1990"
"1446","AN ELDERLY MUSE","Mar. 04, 1990","1990"
"1447","HOLISTIC THINKING","Mar. 07, 1990","1990"
"1448","A SEASON OF REBIRTH","Mar. 11, 1990","1990"
"1449","LIFE AS FANTASY","Mar. 15, 1990","1990"
"1450","OUTSTANDING!?","Mar. 17, 1990","1990"
"1451","TECHNOLOGY, SPIRIT, AND ME","Mar. 19, 1990","1990"
"1452","THE BREATH OF LIFE","Mar. 22, 1990","1990"
"1453","SELF DEVELOPMENT","Mar. 25, 1990","1990"
"1454","“THOUGHTS ON TEACHING”","Mar. 27, 1990","1990"
"1455","MEDITATION","Mar. 29, 1990","1990"
"1456","REMEMBER YOUR FOCUS","Mar. 31, 1990","1990"
"1457","LOOK FOR BEAUTY","Apr. 01, 1990","1990"
"1458","DO YOU HAVE TIME?","Apr. 06, 1990","1990"
"1459","THE DAY OF PALMS","Apr. 08, 1990","1990"
"1460","THE ADDICTED SPIRIT","Apr. 10, 1990","1990"
"1461","“THE FRIDAY”","Apr. 13, 1990","1990"
"1462","EASTER MORN","Apr. 15, 1990","1990"
"1463","CHRISTMAS, EASTER, AND PENTECOST","Apr. 17, 1990","1990"
"1464","SPIRIT IN VISITING","Apr. 19, 1990","1990"
"1465","SOME MORE WORDS ON HOMOSEXUALITY","Apr. 22, 1990","1990"
"1466","BOTH / AND","Apr. 24, 1990","1990"
"1467","PENTECOST… LONELY","Apr. 26, 1990","1990"
"1468","WHY BIBLE STUDY?","Apr. 28, 1990","1990"
"1469","EXTRASENSORY KNOWING","Apr. 30, 1990","1990"
"1470","THE WIDOWS’S MITE","May. 02, 1990","1990"
"1471","EARLY MORNING SPIRIT","May. 04, 1990","1990"
"1472","AN OBVIOUS HOLINESS","May. 05, 1990","1990"
"1473","SYNOD SCHOOL:  EARLY MORN","May. 08, 1990","1990"
"1474","YOU FORGOT!","May. 11, 1990","1990"
"1475","AN ECOLOGICAL LOOK AT DRUGS","May. 13, 1990","1990"
"1476","ALCOHOL:  AN UPDATE","May. 15, 1990","1990"
"1477","IN THE MATTER OF BEING CALLED","May. 18, 1990","1990"
"1478","YOUR OWN PENTECOST","May. 20, 1990","1990"
"1479","CHRISTIAN CONSCIOUSNESS","May. 22, 1990","1990"
"1480","SOMEWHERE IN THE MIDDLE","May. 24, 1990","1990"
"1481","THE RATIONAL AND THE MYSTICAL","May. 27, 1990","1990"
"1482","OUTSIDE OF YORU EXPERIENCE","May. 29, 1990","1990"
"1483","OPPORTUNITIES AHEAD","May. 31, 1990","1990"
"1484","SOME HELP WITH A SMALL TASK","Jun. 02, 1990","1990"
"1485","PENTECOST… TODAY","Jun. 03, 1990","1990"
"1486","SPIRITUAL COMMUNITIES","Jun. 04, 1990","1990"
"1487","MY PERSPECTIVE ON TRAGEDIES","Jun. 05, 1990","1990"
"1488","SPIRIT IS THE ESSENCE…","Jun. 07, 1990","1990"
"1489","LIFE AS GIFT","Jun. 11, 1990","1990"
"1490","SPIRIT IN THE EARTH","Jun. 14, 1990","1990"
"1491","BEING YOURSELF","Jun. 15, 1990","1990"
"1492","BE STILL AND KNOW…","Jun. 17, 1990","1990"
"1493","WHY ARE YOU HERE?","Jun. 20, 1990","1990"
"1494","IT’S TIME FOR A RUMINATIONS","Jun. 23, 1990","1990"
"1495","PEACE","Jun. 24, 1990","1990"
"1496","EXPANDING CONSCIOUSNESS","Jun. 27, 1990","1990"
"1497","INSTITUTIONS THAT FAIL","Jun. 30, 1990","1990"
"1498","BEING PRESBYTERIAN","Jul. 04, 1990","1990"
"1499","HAVING BABIES","Jul. 06, 1990","1990"
"1500","THOU SHALT NOT KILL","Jul. 08, 1990","1990"
"1501","WAS JESUS CHRISTIAN?","Jul. 10, 1990","1990"
"1502","NEW LIFE","Jul. 12, 1990","1990"
"1503","GOD IS “GOOD”","Jul. 16, 1990","1990"
"1504","TIME FOR SCHOOL","Jul. 20, 1990","1990"
"1505","CHRISTIAN KARMA","Jul. 22, 1990","1990"
"1506","ME AND MY WORLD","Jul. 23, 1990","1990"
"1507","MANY PATHS TO/WITH ME","Jul. 24, 1990","1990"
"1508","ENLIGHTENMENT, AGAIN","Jul. 25, 1990","1990"
"1509","GOD IS… OF COURSE","Jul. 26, 1990","1990"
"1510","THE FINAL DAY","Jul. 27, 1990","1990"
"1511","THE ORGANIZED CHURCH","Jul. 29, 1990","1990"
"1512","ALAS!?  O WORLD OF MINE","Jul. 31, 1990","1990"
"1513","NON-ATTACHMENT, YET AGAIN","Aug. 02, 1990","1990"
"1514","SHOULD YOU BE SATISFIED?","Aug. 04, 1990","1990"
"1515","ONENESS AND DIVERSITY","Aug. 06, 1990","1990"
"1516","WHAT ABOUT THE UNIVERSE?","Aug. 08, 1990","1990"
"1517","NEW AGE?","Aug. 10, 1990","1990"
"1518","CHRISTIANS LOOKING OUT","Aug. 12, 1990","1990"
"1519","BIBLE TALES","Aug. 14, 1990","1990"
"1520","EZEKIEL’S STORY","Aug. 18, 1990","1990"
"1521","OIL","Aug. 20, 1990","1990"
"1522","JOY!","Aug. 23, 1990","1990"
"1523","BREATHING IN SPIRIT","Aug. 26, 1990","1990"
"1524","WHERE ARE WE… NOW?","Aug. 28, 1990","1990"
"1525","FORGIVENESS, YET AGAIN","Aug. 30, 1990","1990"
"1526","A FAMILY TIME","Sep. 04, 1990","1990"
"1527","LEARNING","Sep. 07, 1990","1990"
"1528","SUNDAY SERVICE","Sep. 09, 1990","1990"
"1529","SOME THOUGHTS ON GRIEF","Sep. 11, 1990","1990"
"1530","YOUR NEXT LETTER","Sep. 13, 1990","1990"
"1531","LDS","Sep. 15, 1990","1990"
"1532","YOU GIVE ME BUT MINE OWN","Sep. 17, 1990","1990"
"1533","NON-ATTACHMENT, AGAIN","Sep. 19, 1990","1990"
"1534","FEMALE SPIRIT","Sep. 21, 1990","1990"
"1535","THE SPIRIT LEADS","Sep. 23, 1990","1990"
"1536","COME ON, LORD!","Sep. 25, 1990","1990"
"1537","I REPEAT, YOU LEARN","Sep. 29, 1990","1990"
"1538","DESTROYING PEOPLE","Oct. 01, 1990","1990"
"1539","BEING A HEALTHY CHRISTIAN","Oct. 03, 1990","1990"
"1540","LOVE… YET AGAIN","Oct. 05, 1990","1990"
"1541","RAIN","Oct. 07, 1990","1990"
"1542","AN UPDATE ON SIN","Oct. 09, 1990","1990"
"1543","A BALANCE TO STABILITY","Oct. 12, 1990","1990"
"1544","CHALLENGING TIMES","Oct. 15, 1990","1990"
"1545","SPIRITUAL OPPORTUNITIES","Oct. 16, 1990","1990"
"1546","THREATS TO YOUTH","Oct. 17, 1990","1990"
"1547","SHARING","Oct. 19, 1990","1990"
"1548","PRIORITIES","Oct. 22, 1990","1990"
"1549","THE END OF ONE ADVENTURE…","Oct. 27, 1990","1990"
"1550","AN UPCOMING “TALK”","Oct. 30, 1990","1990"
"1551","LIVE LIFE FULLY","Nov. 01, 1990","1990"
"1552","LIFE ASSESSMENT","Nov. 03, 1990","1990"
"1553","NON-ATTACHMENT, AGAIN","Nov. 05, 1990","1990"
"1554","THE SUMMER SEASON","Nov. 08, 1990","1990"
"1555","SPIRITS IN THE EARTH","Nov. 10, 1990","1990"
"1556","“COULDN’T IT HAVE HAPPENED ANOTHER WAY?”","Nov. 11, 1990","1990"
"1557","AN UPDATE ON TIME","Nov. 13, 1990","1990"
"1558","JEWS AND CHRISTIANS","Nov. 16, 1990","1990"
"1559","WHEN THE BRAIN STOPS…","Nov. 17, 1990","1990"
"1560","PAIN AND SUFFERING","Nov. 19, 1990","1990"
"1561","INFLUENCES","Nov. 24, 1990","1990"
"1562","MY TRIUNE NATURE","Nov. 26, 1990","1990"
"1563","THE FARM","Nov. 29, 1990","1990"
"1564","PART OF THE CHRISTIAN STORY","Dec. 01, 1990","1990"
"1565","ANTICIPATION","Dec. 03, 1990","1990"
"1566","ATTACHMENT TO LIFE","Dec. 06, 1990","1990"
"1567","AN UPDATE ON HUMOR","Dec. 10, 1990","1990"
"1568","MIRTH… AND DEATH","Dec. 13, 1990","1990"
"1569","“FORKED TONGUE”","Dec. 15, 1990","1990"
"1570","THE HUMOR OF SCRIPTURE","Dec. 17, 1990","1990"
"1571","YOUR MIXED (UP) LIFE","Dec. 19, 1990","1990"
"1572","THE TASK AHEAD","Dec. 21, 1990","1990"
"1573","THE SEASON FOR GIVING","Dec. 24, 1990","1990"
"1574","… NO THOUGHT FOR THE MORROW…","Dec. 28, 1990","1990"
"1575","OFF ON AN ADVENTURE","Jan. 02, 1991","1991"
"1576","PRACTICAL THEOLOGY","Jan. 03, 1991","1991"
"1577","THE POWER OF AFFLUENCE","Jan. 05, 1991","1991"
"1578","A UNIQUE SABBATH","Jan. 06, 1991","1991"
"1579","PEOPLE’S POWER","Jan. 07, 1991","1991"
"1580","PAZ","Jan. 08, 1991","1991"
"1581","WAVES OF CHANGE","Jan. 10, 1991","1991"
"1582","SPIRIT IN A PEOPLE","Jan. 11, 1991","1991"
"1583","MY MYSTICAL BODY","Jan. 12, 1991","1991"
"1584","SING THE LORD’S SONG…","Jan. 13, 1991","1991"
"1585","THE OTHER SIDE","Jan. 14, 1991","1991"
"1586","TIME FOR REFLECTION","Jan. 16, 1991","1991"
"1587","MORE REFLECTIONS…","Jan. 17, 1991","1991"
"1588","TELLING A STORY","Jan. 21, 1991","1991"
"1589","PEACE IS SPIRITUAL","Jan. 23, 1991","1991"
"1590","WHEN ONE FEARS ANOTHER…","Jan. 25, 1991","1991"
"1591","A REPLY TO NANCY","Jan. 27, 1991","1991"
"1592","CONFUSION ABOUT GOALS","Jan. 30, 1991","1991"
"1593","A THEOLOGY OF REVOLUTION","Feb. 01, 1991","1991"
"1594","SPIRIT AND ME","Feb. 02, 1991","1991"
"1595","YOU CAN COME BACK","Feb. 04, 1991","1991"
"1596","URGENCY","Feb. 06, 1991","1991"
"1597","GRACE IS THE PRIORITY","Feb. 08, 1991","1991"
"1598","TWO CHRISTIAN EXPERIENCES","Feb. 09, 1991","1991"
"1599","HUMOR AND MY WORLD","Feb. 13, 1991","1991"
"1600","SHOULD YOU SMILE AT WAR?","Feb. 16, 1991","1991"
"1601","FUTURE TALK","Feb. 18, 1991","1991"
"1602","MY INVOLVEMENT IN LIFE","Feb. 20, 1991","1991"
"1603","THOU SHALT NOT KILL","Feb. 22, 1991","1991"
"1604","HELP WITH A SERMON","Feb. 24, 1991","1991"
"1605","A PRESBYTERIAN","Feb. 26, 1991","1991"
"1606","RELAX… AND… PREACH","Mar. 01, 1991","1991"
"1607","REPRISE ON A SERMON","Mar. 05, 1991","1991"
"1608","SOME FURTHER THOUGHTS ON CUBA","Mar. 07, 1991","1991"
"1609","HUMOR AND TRAGEDY","Mar. 09, 1991","1991"
"1610","A SPECIAL MEDITATION","Mar. 11, 1991","1991"
"1611","WAS DEATH THE “EASY WAY”?","Mar. 17, 1991","1991"
"1612","TWO NOVELS, REVISITED","Mar. 19, 1991","1991"
"1613","SPRING IS HERE!","Mar. 21, 1991","1991"
"1614","PALM SUNDAY, REVISITED","Mar. 24, 1991","1991"
"1615","THE STORY:  LONG AND SHORT","Mar. 26, 1991","1991"
"1616","AN EASTER MUSE","Mar. 31, 1991","1991"
"1617","CONVERSION","Apr. 01, 1991","1991"
"1618","AFFLUENCE AS CHALLENGE","Apr. 02, 1991","1991"
"1619","SPIRIT AND MORALS","Apr. 04, 1991","1991"
"1620","SPIRITUAL STORIES, ANEW","Apr. 07, 1991","1991"
"1621","THE SPIRITUAL…","Apr. 10, 1991","1991"
"1622","NOW!","Apr. 12, 1991","1991"
"1623","WHY DO I CHOOSE?","Apr. 14, 1991","1991"
"1624","FORMS OF SERVICE","Apr. 18, 1991","1991"
"1625","THE LORD’S LAUGHTER","Apr. 19, 1991","1991"
"1626","INTO OLD AGE","Apr. 20, 1991","1991"
"1627","A VISIT","Apr. 25, 1991","1991"
"1628","AN UPDATE ON LIFE… AND DEATH","Apr. 27, 1991","1991"
"1629","ORDINARY… AND CHOSEN","Apr. 29, 1991","1991"
"1630","OTHER PATHS","May. 02, 1991","1991"
"1631","A SAD TALE","May. 04, 1991","1991"
"1632","MY NEEDS / YOUR NEEDS","May. 08, 1991","1991"
"1633","JUST COME…","May. 10, 1991","1991"
"1634","TWELVE YEARS","May. 11, 1991","1991"
"1635","HOME AGAIN","May. 17, 1991","1991"
"1636","WHAT’S THE BEST BALANCE?","May. 19, 1991","1991"
"1637","THE POWER OF THE HOLY SPIRIT","May. 21, 1991","1991"
"1638","SCRIPTURE AND MODERN LIFE","May. 24, 1991","1991"
"1639","SENIOR CITIZEN","May. 27, 1991","1991"
"1640","OVER THE RAINBOW","May. 29, 1991","1991"
"1641","A CHRISTIAN EXAMPLE","Jun. 02, 1991","1991"
"1642","LISTEN FOR THE WORD…","Jun. 04, 1991","1991"
"1643","OUT OF THE PAST","Jun. 07, 1991","1991"
"1644","TIME FOR BEING","Jun. 09, 1991","1991"
"1645","A TIME OF SICKNESS","Jun. 13, 1991","1991"
"1646","A JOUST WITH PAIN","Jun. 15, 1991","1991"
"1647","A UNIQUE, UPCOMING EXPERIENCE","Jun. 16, 1991","1991"
"1648","PLEASURE AND PAIN","Jun. 18, 1991","1991"
"1649","LOOKING CLOSELY","Jun. 19, 1991","1991"
"1650","REFLECTIONS ON A “FIRST”","Jun. 22, 1991","1991"
"1651","PAIN IN THE MORNING","Jun. 27, 1991","1991"
"1652","DON’T RUSH","Jun. 29, 1991","1991"
"1653","THE HANDS… AND PAIN","Jul. 02, 1991","1991"
"1654","SUICIDE, AGAIN","Jul. 04, 1991","1991"
"1655","CONVERSION","Jul. 07, 1991","1991"
"1656","CHILDREN OF GOD","Jul. 09, 1991","1991"
"1657","TAKING STOCK","Jul. 13, 1991","1991"
"1658","HUMAN/SPIRITUAL INTERACTING…","Jul. 14, 1991","1991"
"1659","VARIATIONS ON A THEME","Jul. 15, 1991","1991"
"1660","SPIRIT AND ENVIRONMENT","Jul. 16, 1991","1991"
"1661","SPIRIT AND MY EARTH","Jul. 18, 1991","1991"
"1662","CONVERSION, II","Jul. 19, 1991","1991"
"1663","A “DAY OF DAYS”","Jul. 22, 1991","1991"
"1664","HAIL THE MISHMASH!","Jul. 23, 1991","1991"
"1665","A RANGE OF AGES","Jul. 24, 1991","1991"
"1666","AM I PLEASED?","Jul. 25, 1991","1991"
"1667","REFLECTIONS","Jul. 26, 1991","1991"
"1668","SOCIAL ACTION","Jul. 28, 1991","1991"
"1669","TEACHINGS… AND REALITY","Jul. 31, 1991","1991"
"1670","REACTING TO A GIFT","Aug. 02, 1991","1991"
"1671","THE PLACE OF MIRACLES","Aug. 04, 1991","1991"
"1672","WHAT TIME IS IT NOW?","Aug. 07, 1991","1991"
"1673","AFTER DEATH","Aug. 09, 1991","1991"
"1674","AFTER DEATH, II","Aug. 11, 1991","1991"
"1675","HOLY LAUGHTER","Aug. 14, 1991","1991"
"1676","FUN… WITH SPIRIT","Aug. 16, 1991","1991"
"1677","TRANSITION","Aug. 17, 1991","1991"
"1678","SPIRIT IN HUMAN ACTIVITY","Aug. 21, 1991","1991"
"1679","SUCCESS","Aug. 23, 1991","1991"
"1680","ON A QUIET SUNDAY MORNING","Aug. 25, 1991","1991"
"1681","ACCEPTANCE OF ADVERSITY","Aug. 28, 1991","1991"
"1682","A NEW SEASON APPROACHETH","Aug. 30, 1991","1991"
"1683","TODAY’S NEWS","Sep. 02, 1991","1991"
"1684","THE REALITY OF SPIRIT","Sep. 07, 1991","1991"
"1685","A MUSE ON VARIETY","Sep. 09, 1991","1991"
"1686","VARIETY AND HUMOR","Sep. 13, 1991","1991"
"1687","A TIME TO BE THANKFUL","Sep. 19, 1991","1991"
"1688","COMMUNISM","Sep. 23, 1991","1991"
"1689","A HEALTHY EARTH?","Sep. 25, 1991","1991"
"1690","VARIETY IN FUNDAMENTALISM","Sep. 27, 1991","1991"
"1691","A CLASH OF INTERPRETATIONS","Sep. 29, 1991","1991"
"1692","BE AWARE OF LIFE","Oct. 02, 1991","1991"
"1693","SPIRIT IS LIFE","Oct. 05, 1991","1991"
"1694","HOLY COMMUNION","Oct. 06, 1991","1991"
"1695","LIFE’S MANY REALITIES","Oct. 07, 1991","1991"
"1696","INVISIBLE PEOPLE","Oct. 10, 1991","1991"
"1697","KIDS, LIFE, AND DEATH","Oct. 12, 1991","1991"
"1698","WHAT IS HEALTH, ANYWAY?","Oct. 15, 1991","1991"
"1699","ETHICS, MORALITY, AND ME","Oct. 18, 1991","1991"
"1700","PROPHESIES AND TEACHINGS","Oct. 24, 1991","1991"
"1701","ECONOMICS… AND ME","Oct. 26, 1991","1991"
"1702","EDUCTION:  THE PROBLEM IS…","Oct. 28, 1991","1991"
"1703","FAITHFULNESS","Oct. 31, 1991","1991"
"1704","THE PERSPECTIVES","Nov. 03, 1991","1991"
"1705","MY CREATION IS VAST","Nov. 05, 1991","1991"
"1706","THE WORD IS LOVE","Nov. 09, 1991","1991"
"1707","PAIN, YET AGAIN","Nov. 13, 1991","1991"
"1708","TIME FOR A TEACHING","Nov. 16, 1991","1991"
"1709","SOME REFLECTIONS ON JAMES","Nov. 21, 1991","1991"
"1710","GIVING THANKS","Nov. 24, 1991","1991"
"1711","PRAYERS FOR HEALING","Nov. 27, 1991","1991"
"1712","THERE IS A WAY…","Nov. 29, 1991","1991"
"1713","SPIRIT = REALITY","Dec. 04, 1991","1991"
"1714","ENJOY THIS SEASON","Dec. 06, 1991","1991"
"1715","TWO REMEMBRANCES","Dec. 07, 1991","1991"
"1716","AN ACTIVE DAY AHEAD","Dec. 08, 1991","1991"
"1717","A DAY TO REMEMBER","Dec. 09, 1991","1991"
"1718","A GIFT… THE GIFT","Dec. 12, 1991","1991"
"1719","TRUTH… AND SCRIPTURE","Dec. 14, 1991","1991"
"1720","EASY DOES IT!","Dec. 18, 1991","1991"
"1721","FAMILY LIFE","Dec. 21, 1991","1991"
"1722","PETE AND PEARL","Dec. 23, 1991","1991"
"1723","CHRISTMAS… PAST?","Dec. 26, 1991","1991"
"1724","A NEW YEAR’S GREETING","Jan. 02, 1992","1992"
"1725","GRAY TIMES","Jan. 04, 1992","1992"
"1726","I CHOSE DAVID","Jan. 06, 1992","1992"
"1727","ANOTHER DAY TO REMEMBER","Jan. 08, 1992","1992"
"1728","GETTING THE MOST OUT OF LIFE","Jan. 10, 1992","1992"
"1729","THE WINTER SEASON","Jan. 11, 1992","1992"
"1730","ANOTHER LOOK AT DAVID","Jan. 14, 1992","1992"
"1731","A FRIENDLY CONTROVERSY","Jan. 16, 1992","1992"
"1732","ANOTHER SCRIPTURAL ASSIGNMENT","Jan. 18, 1992","1992"
"1733","PAUL’S JOURNEY FOR ME","Jan. 20, 1992","1992"
"1734","ELECTED TO SUFFERING?","Jan. 23, 1992","1992"
"1735","BEAUTY IS HOLY","Jan. 25, 1992","1992"
"1736","THREE FOCI FOR LEARNING","Jan. 26, 1992","1992"
"1737","LIFE ASSESSMENT","Jan. 30, 1992","1992"
"1738","EULOGY FOR A WARRIOR","Feb. 01, 1992","1992"
"1739","POPULATION, THE EARTH, AND ME","Feb. 04, 1992","1992"
"1740","YOU THINK YOU’RE BUSY… !","Feb. 07, 1992","1992"
"1741","WORSHIP SERVICES","Feb. 08, 1992","1992"
"1742","SOME THOUGHTS ON SEXUALITY","Feb. 10, 1992","1992"
"1743","BLOWIN’ IN THE WIND","Feb. 13, 1992","1992"
"1744","WHAT SHOULD YOU READ?","Feb. 16, 1992","1992"
"1745","SUBMISSION","Feb. 19, 1992","1992"
"1746","PENTECOST, YET AGAIN","Feb. 20, 1992","1992"
"1747","A SEXUALITY ASSIGNMENT","Feb. 23, 1992","1992"
"1748","KEEP IT POSITIVE!","Feb. 26, 1992","1992"
"1749","SCRIPTURE, YET AGAIN","Feb. 27, 1992","1992"
"1750","BE YOURSELF","Feb. 29, 1992","1992"
"1751","MEDICAL CARE","Mar. 03, 1992","1992"
"1752","SOME THOUGHTS ON SUFFERING","Mar. 04, 1992","1992"
"1753","A TIME CALLED LENT","Mar. 06, 1992","1992"
"1754","THE MISSION “EFFORT”","Mar. 08, 1992","1992"
"1755","LIFE AND DEATH","Mar. 11, 1992","1992"
"1756","FRESH BREEZES FROM ME","Mar. 12, 1992","1992"
"1757","“SOULISTIC” HEALTH","Mar. 14, 1992","1992"
"1758","LIFE IS NOT “PROBLEMS TO SOLVE…”","Mar. 16, 1992","1992"
"1759","BASIC PHILOSOPHY","Mar. 21, 1992","1992"
"1760","SABBATH MUSINGS","Mar. 22, 1992","1992"
"1761","A SERVANT?","Mar. 25, 1992","1992"
"1762","THE HARD WAY","Mar. 27, 1992","1992"
"1763","MY WAYS ARE AS THE SANDS…","Mar. 29, 1992","1992"
"1764","TESTIMONIES","Apr. 01, 1992","1992"
"1765","THE POWER OF LOVE","Apr. 03, 1992","1992"
"1766","SOME MORE ON LOVE","Apr. 05, 1992","1992"
"1767","DISCIPLESHIP","Apr. 08, 1992","1992"
"1768","DISCIPLESHIP II","Apr. 10, 1992","1992"
"1769","CELEBRATION!","Apr. 12, 1992","1992"
"1770","LISTEN TO THE SPIRIT","Apr. 15, 1992","1992"
"1771","THE END OF AN EARTH LIFE","Apr. 17, 1992","1992"
"1772","THE EASTER PROMISE","Apr. 19, 1992","1992"
"1773","A DEFENSE OF ME","Apr. 20, 1992","1992"
"1774","REVELATIONS","Apr. 22, 1992","1992"
"1775","RELIGION AND HEALTH CARE","Apr. 25, 1992","1992"
"1776","MORE ON HEALTH CARE AND RELIGION","Apr. 26, 1992","1992"
"1777","WHAT IS WELLNESS?","May. 01, 1992","1992"
"1778","JUSTICE AND MERCY","May. 02, 1992","1992"
"1779","JOSHUA AND MEDICAL CARE","May. 03, 1992","1992"
"1780","THE EXPERIENCE OF HEALTH","May. 04, 1992","1992"
"1781","REALITY AND THE MYSTICAL","May. 07, 1992","1992"
"1782","WHILE ON THE BANKS… AGAIN","May. 08, 1992","1992"
"1783","AGING GRACEFULLY","May. 10, 1992","1992"
"1784","HAPPINESS","May. 12, 1992","1992"
"1785","YOU HEARD ME RIGHT…","May. 13, 1992","1992"
"1786","TIME, YET AGAIN","May. 15, 1992","1992"
"1787","THAT SABBATH COMMANDMENT","May. 17, 1992","1992"
"1788","AN ALMOST ANNIVERSARY","May. 19, 1992","1992"
"1789","THE VALUE OF EDUCATION","May. 21, 1992","1992"
"1790","CHRISTIAN EDUCATING","May. 23, 1992","1992"
"1791","CHRISTIAN EDUCATING, II","May. 25, 1992","1992"
"1792","SIMPLE LIFE","May. 28, 1992","1992"
"1793","HEALING","May. 30, 1992","1992"
"1794","ABORTION, YET AGAIN","Jun. 01, 1992","1992"
"1795","SINFUL…","Jun. 04, 1992","1992"
"1796","AH, PENTECOST, II","Jun. 06, 1992","1992"
"1797","A BIT OF BALANCE","Jun. 09, 1992","1992"
"1798","ELDERLY STATUS","Jun. 10, 1992","1992"
"1799","A PERSPECTIVE ON LIFE","Jun. 11, 1992","1992"
"1800","TEACHINGS ARE THE BRIDGE","Jun. 13, 1992","1992"
"1801","RANDOM KINDNESS…","Jun. 14, 1992","1992"
"1802","IF, WITH ALL YOUR HEART…","Jun. 16, 1992","1992"
"1803","CHANGE OF SCENE","Jun. 19, 1992","1992"
"1804","PAUL AND TRANS WORLD","Jun. 20, 1992","1992"
"1805","LIFE… HERE AND THERE","Jun. 23, 1992","1992"
"1806","BRUTALITY","Jun. 25, 1992","1992"
"1807","THE HOLY MEAL","Jun. 28, 1992","1992"
"1808","ALMIGHTY…","Jun. 30, 1992","1992"
"1809","ADDICTION","Jul. 02, 1992","1992"
"1810","TO DIE… WHEN?","Jul. 03, 1992","1992"
"1811","MY FULL GOSPEL","Jul. 05, 1992","1992"
"1812","PERSPECTIVES ON DEATH, YET AGAIN","Jul. 08, 1992","1992"
"1813","ECUMENISM","Jul. 11, 1992","1992"
"1814","THE IMPORTANCE OF GRACE","Jul. 14, 1992","1992"
"1815","MARY AND MARTHA","Jul. 17, 1992","1992"
"1816","GOD WILL PUNISH?!","Jul. 18, 1992","1992"
"1817","GOD WILL PUNISH?!","Jul. 21, 1992","1992"
"1818","LISTEN!... AND I WILL HELP","Jul. 24, 1992","1992"
"1819","WE SOW OUR SEED…","Jul. 26, 1992","1992"
"1820","A TIME TO PONDER","Jul. 27, 1992","1992"
"1821","SOME MORE THOUGHTS ON EVIL","Jul. 29, 1992","1992"
"1822","DISCOMFORT!","Aug. 01, 1992","1992"
"1823","THE HOLY MEAL","Aug. 05, 1992","1992"
"1824","SPIRITUAL HEALTH","Aug. 07, 1992","1992"
"1825","IN SPIRIT THERE IS STRENGTH","Aug. 11, 1992","1992"
"1826","SPIRIT IN A GROUP","Aug. 14, 1992","1992"
"1827","SPIRIT IS LIFE","Aug. 16, 1992","1992"
"1828","COMPROMISE","Aug. 18, 1992","1992"
"1829","MODERN LIFE, AGAIN","Aug. 21, 1992","1992"
"1830","SERMONS","Aug. 23, 1992","1992"
"1831","SATAN… AGAIN","Aug. 25, 1992","1992"
"1832","ARE YOU A PEASANT?","Aug. 28, 1992","1992"
"1833","AND THERE WAS A KING…","Aug. 30, 1992","1992"
"1834","DO YOU NEED ME, REALLY?","Sep. 01, 1992","1992"
"1835","RISE ABOVE","Sep. 04, 1992","1992"
"1836","THE POWER OF LOVE","Sep. 06, 1992","1992"
"1837","A MINISTRY","Sep. 08, 1992","1992"
"1838","LIFE IS A MYSTICAL DANCE","Sep. 11, 1992","1992"
"1839","LIFE IS VANITY?","Sep. 12, 1992","1992"
"1840","CHOSEN… ELECTED… DESTINED","Sep. 16, 1992","1992"
"1841","“THE BOOK”","Sep. 18, 1992","1992"
"1842","THE SCRIPTURAL STORY…","Sep. 20, 1992","1992"
"1843","THE LIGHT OF LIFE","Sep. 24, 1992","1992"
"1844","COME INTO THE LIGHT","Sep. 25, 1992","1992"
"1845","BODY, MIND, AND SOUL","Sep. 27, 1992","1992"
"1846","IN SEARCH OF TRUTH","Sep. 29, 1992","1992"
"1847","DO WINDS BLOW?","Oct. 01, 1992","1992"
"1848","A CONSERVATIVE LIBERAL STANCE","Oct. 03, 1992","1992"
"1849","AN UPDATE ON DRUGS","Oct. 05, 1992","1992"
"1850","TROUBLE?","Oct. 08, 1992","1992"
"1851","GOD AND HUMAN","Oct. 09, 1992","1992"
"1852","THE JOY OF AGING","Oct. 11, 1992","1992"
"1853","THANK YOU, LORD!","Oct. 12, 1992","1992"
"1854","BALANCING LIFE AND DEATH","Oct. 16, 1992","1992"
"1855","THE BUSYNESS OF LIFE","Oct. 18, 1992","1992"
"1856","LORD, IT’S HARD TO BE HUMBLE…","Oct. 21, 1992","1992"
"1857","… AND THE SMALL SHALL PROSPER…","Oct. 23, 1992","1992"
"1858","“… YOU HAVE TO WALK IT BY YOURSELF…”","Oct. 25, 1992","1992"
"1859","A LETTER FROM ANDY","Oct. 27, 1992","1992"
"1860","THE “RAPTURE”, AGAIN","Oct. 30, 1992","1992"
"1861","PRAY FOR…","Nov. 01, 1992","1992"
"1862","GOVERNING… AND PEOPLE","Nov. 03, 1992","1992"
"1863","DRUGS… AGAIN","Nov. 06, 1992","1992"
"1864","CHRISTIAN ECONOMICS?","Nov. 08, 1992","1992"
"1865","WHY CANCER?","Nov. 10, 1992","1992"
"1866","CANCER AND LIFE","Nov. 13, 1992","1992"
"1867","HEALTH IS COSTLY?","Nov. 15, 1992","1992"
"1868","GOVERNMENT AND “HEALTH CARE”","Nov. 17, 1992","1992"
"1869","SPIRIT IS","Nov. 22, 1992","1992"
"1870","THE BLESSEDNESS OF LIFE","Nov. 23, 1992","1992"
"1871","THERE ARE THOSE WHO HEAR…","Nov. 25, 1992","1992"
"1872","POLITICS AND SPIRIT","Nov. 26, 1992","1992"
"1873","A TRIP COMPLETED","Nov. 28, 1992","1992"
"1874","SPIRIT… AND… HEALTH","Dec. 03, 1992","1992"
"1875","THE SPIRITUAL IS GAINING","Dec. 05, 1992","1992"
"1876","A POLICE ACTION?","Dec. 07, 1992","1992"
"1877","A RESPITE","Dec. 11, 1992","1992"
"1878","‘TIS THE SEASON…","Dec. 13, 1992","1992"
"1879","A CHANCE TO PREACH","Dec. 16, 1992","1992"
"1880","IF I SHOULD COME TO EARTH…","Dec. 17, 1992","1992"
"1881","… AND WE’LL ALL LIVE FOREVERMORE…","Dec. 20, 1992","1992"
"1882","A LIFE REVIEW… EARLY","Dec. 23, 1992","1992"
"1883","LIFE AND DEATH AT CHRISTMAS","Dec. 26, 1992","1992"
"1884","A SERMON OPPORTUNITY","Dec. 27, 1992","1992"
"1885","MORE SERMON THOUGHTS","Dec. 29, 1992","1992"
"1886","IT’S A NEW YEAR… ”","Jan. 01, 1993","1993"
"1887","LOOKING AHEAD","Jan. 05, 1993","1993"
"1888","GIFTS","Jan. 08, 1993","1993"
"1889","YES, I DO CHOOSE","Jan. 09, 1993","1993"
"1890","WHEN LIFE GOES ON…","Jan. 12, 1993","1993"
"1891","I AM…","Jan. 14, 1993","1993"
"1892","A MIGHTY GOD AM I","Jan. 17, 1993","1993"
"1893","MY TEACHINGS, AS JESUS","Jan. 20, 1993","1993"
"1894","SINFUL CREATURES","Jan. 21, 1993","1993"
"1895","THIS EVIL WORLD","Jan. 23, 1993","1993"
"1896","A DIVERSE WORLD, CERTAINLY","Jan. 25, 1993","1993"
"1897","PURE IN HEART","Jan. 27, 1993","1993"
"1898","LIFE AS SEASONING","Jan. 29, 1993","1993"
"1899","RECONCILING","Jan. 31, 1993","1993"
"1900","YOU SAID IT… ABSOLUTELY!","Feb. 03, 1993","1993"
"1901","PRIORITIES FOR A NATION","Feb. 05, 1993","1993"
"1902","“SUNRISE”","Feb. 06, 1993","1993"
"1903","DEATHS… AND LIFE","Feb. 09, 1993","1993"
"1904","VIRTUES AS WELLSPRINGS","Feb. 10, 1993","1993"
"1905","MEDICINE AND CROSS-CRAWLS","Feb. 12, 1993","1993"
"1906","GRACE – THE SUPREME “BALANCER”","Feb. 14, 1993","1993"
"1907","BLESSED AND HAPPY","Feb. 17, 1993","1993"
"1908","MY MISSION IN THE EARTH","Feb. 18, 1993","1993"
"1909","WITHOUT ME?","Feb. 19, 1993","1993"
"1910","MY PERSISTENT PROVIDENCE","Feb. 21, 1993","1993"
"1911","GO AHEAD… BE A CRAZY CHRISTIAN!","Feb. 24, 1993","1993"
"1912","WHO’S TO BLAME?","Feb. 26, 1993","1993"
"1913","N.D.E.’S","Feb. 27, 1993","1993"
"1914","KARMA AND GRACE, AGAIN","Mar. 02, 1993","1993"
"1915","BOTH/AND, YET AGAIN","Mar. 03, 1993","1993"
"1916","YES AND NO","Mar. 07, 1993","1993"
"1917","CUMULATIVE GOODNESS","Mar. 09, 1993","1993"
"1918","BALANCING BLESSEDNESS?","Mar. 10, 1993","1993"
"1919","YOUR CULTURE… BOTH/AND RELIANCE","Mar. 12, 1993","1993"
"1920","A LOOK AT THE FUTURE","Mar. 14, 1993","1993"
"1921","BOTH/AND IS BALANCE…","Mar. 16, 1993","1993"
"1922","PRAYERS FOR…","Mar. 21, 1993","1993"
"1923","A CHANGE OF PLAN","Mar. 23, 1993","1993"
"1924","SOME THOUGHTS ON GROWTH","Mar. 24, 1993","1993"
"1925","DEATH AS TRANSFORMATION","Mar. 26, 1993","1993"
"1926","IMPATIENCE","Mar. 28, 1993","1993"
"1927","GOD’S LOVE IN NEPAL","Mar. 30, 1993","1993"
"1928","MINORITIES","Apr. 01, 1993","1993"
"1929","REFLECTIONS ON A FUNERAL","Apr. 03, 1993","1993"
"1930","ANNIVERSARY","Apr. 06, 1993","1993"
"1931","THOUGHTS ON THREE HEALTH ISSUES","Apr. 09, 1993","1993"
"1932","THE TIME OF EASTER","Apr. 10, 1993","1993"
"1933","I’M COMPROMISING","Apr. 12, 1993","1993"
"1934","SEEKING RIGHTEOUSNESS","Apr. 14, 1993","1993"
"1935","DISAPPOINTMENT","Apr. 16, 1993","1993"
"1936","ONE TASK AHEAD","Apr. 19, 1993","1993"
"1937","GIFTS","Apr. 22, 1993","1993"
"1938","CHRISTIAN THINKING","Apr. 23, 1993","1993"
"1939","PROPHESIES, AGAIN","Apr. 25, 1993","1993"
"1940","THE SERMON… AND MORE","Apr. 27, 1993","1993"
"1941","A SHARING OF GIFTS","Apr. 30, 1993","1993"
"1942","A REPRISE ON GIFTS","May. 02, 1993","1993"
"1943","SOME MORE REFLECTIONS ON THE WALK…","May. 05, 1993","1993"
"1944","JOHN AND PAUL","May. 07, 1993","1993"
"1945","BEING A WOMAN","May. 08, 1993","1993"
"1946","TO LIVE FULLY…","May. 09, 1993","1993"
"1947","A CALL… THE CALL","May. 10, 1993","1993"
"1948","“HERE BEGINNETH”, YET AGAIN","May. 11, 1993","1993"
"1949","VERIFICATION","May. 13, 1993","1993"
"1950","TIMES OF TRANSITION","May. 15, 1993","1993"
"1951","MINISTRIES","May. 17, 1993","1993"
"1952","GIVING IT AWAY","May. 19, 1993","1993"
"1953","I SPOKE: A SPECIAL PENTECOST","May. 20, 1993","1993"
"1954","SPIRIT AS COMFORTER","May. 22, 1993","1993"
"1955","PROPHESIES, AGAIN?","May. 26, 1993","1993"
"1956","CELEBRATION OF LIFE","May. 29, 1993","1993"
"1957","ANOTHER “BIRTHDAY” – PENTECOST","May. 30, 1993","1993"
"1958","CULTURE… SHOCK","Jun. 02, 1993","1993"
"1959","PERFECT… AND LESS THAN","Jun. 04, 1993","1993"
"1960","A DAY FOR SERMONS","Jun. 06, 1993","1993"
"1961","THE EARTH… AS IT IS TO YOU","Jun. 08, 1993","1993"
"1962","STUDYING THE O.T.","Jun. 10, 1993","1993"
"1963","AN UNEXPECTED OPPORTUNITY","Jun. 12, 1993","1993"
"1964","SOME MORE THOUGHTS ON MINISTRIES","Jun. 14, 1993","1993"
"1965","MINISTRIES SHOULD, FINALLY, = LIFE","Jun. 16, 1993","1993"
"1966","TRUTH IN THE O.T.","Jun. 18, 1993","1993"
"1967","ANOTHER PAIN","Jun. 19, 1993","1993"
"1968","THE STORIES… ARE YOURS…","Jun. 22, 1993","1993"
"1969","MINISTRIES AND MISSIONS","Jun. 24, 1993","1993"
"1970","SALVATION… AND FAITHFULNESS","Jun. 27, 1993","1993"
"1971","A LOOK AT THIS WORLD","Jun. 29, 1993","1993"
"1972","THE WAY OF SPIRIT","Jul. 03, 1993","1993"
"1973","INDEPENDENCE?","Jul. 04, 1993","1993"
"1974","TWO BOYS… AND SIN","Jul. 11, 1993","1993"
"1975","TRUTH VIA NOAH","Jul. 13, 1993","1993"
"1976","THE IMPORTANCE OF DEATH","Jul. 14, 1993","1993"
"1977","SPIRIT PLAYS","Jul. 17, 1993","1993"
"1978","A GOOD DAY’S DRIVE","Jul. 18, 1993","1993"
"1979","HEALING IS A PROCESS","Jul. 21, 1993","1993"
"1980","SACRIFICES","Jul. 24, 1993","1993"
"1981","EARTH LIFE VS. ETERNAL LIFE","Jul. 26, 1993","1993"
"1982","THIRD SON BLUES","Jul. 28, 1993","1993"
"1983","BREATHE IN, BREATHE OUT","Jul. 30, 1993","1993"
"1984","HOLY COMMUNION, YET AGAIN","Aug. 01, 1993","1993"
"1985","“GO FOR THE GOLD”?","Aug. 03, 1993","1993"
"1986","JOHN’S “IN THE BEGINNING”","Aug. 05, 1993","1993"
"1987","JACOB’S LADDER TO GOD","Aug. 08, 1993","1993"
"1988","A VISIT WITH CHRIS?","Aug. 10, 1993","1993"
"1989","ILL-HEALTH","Aug. 12, 1993","1993"
"1990","WHO GETS MY BLESSING?","Aug. 14, 1993","1993"
"1991","ANOTHER COMMENT ON MONEY","Aug. 16, 1993","1993"
"1992","ANOTHER YEAR OF “MINISTRY”","Aug. 18, 1993","1993"
"1993","MATTHEW IS TURNING","Aug. 20, 1993","1993"
"1994","A LITTLE OL’ JEWISH MAN","Aug. 22, 1993","1993"
"1995","REFLECTIONS ON A GIFT","Aug. 24, 1993","1993"
"1996","ENLIGHTENMENT… OR, IN OTHER WORDS…","Aug. 26, 1993","1993"
"1997","SCRIPTURE:  A MIXED MESSAGE","Aug. 28, 1993","1993"
"1998","BALANCING… A FORM OF BOTH/AND","Aug. 30, 1993","1993"
"1999","REACTIONS TO A MORNING","Sep. 01, 1993","1993"
"2000","WORRISOME THOUGHTS","Sep. 03, 1993","1993"
"2001","BEING AN OUTSIDER","Sep. 05, 1993","1993"
"2002","ALCOHOL, YET AGAIN","Sep. 07, 1993","1993"
"2003","LESSONS FROM THE NOAH STORY","Sep. 08, 1993","1993"
"2004","A SPIRITUAL ANALYSIS","Sep. 10, 1993","1993"
"2005","TO LISTEN, TO DISCERN, TO ACT","Sep. 12, 1993","1993"
"2006","MY ROLE IN BALANCING","Sep. 14, 1993","1993"
"2007","SOME CURRENT THOUGHTS ON MEDICAL CARE","Sep. 17, 1993","1993"
"2008","HEALTHY EARTH LIFE = BALANCING","Sep. 19, 1993","1993"
"2009","REFLECTIONS ON BABEL","Sep. 23, 1993","1993"
"2010","A WEEKEND TO ANTICIPATE","Sep. 24, 1993","1993"
"2011","REFLECTIONS ON A VISIT","Sep. 28, 1993","1993"
"2012","TITLES","Oct. 01, 1993","1993"
"2013","PROGRESS?","Oct. 04, 1993","1993"
"2014","LESSONS OUT OF ABRAHAM","Oct. 06, 1993","1993"
"2015","AS IN DAYS OF YORE","Oct. 07, 1993","1993"
"2016","A REUNION IT WAS","Oct. 10, 1993","1993"
"2017","SEES, HEARS, RESPONDS…","Oct. 13, 1993","1993"
"2018","ANOTHER CHANGE OF SEASON","Oct. 15, 1993","1993"
"2019","THE WORD OF THE LORD… IS…","Oct. 17, 1993","1993"
"2020","CREATION… AND COVENANT","Oct. 20, 1993","1993"
"2021","SEARCHING FOR SECURITY","Oct. 22, 1993","1993"
"2022","HOLINESS… AND CONVENTION","Oct. 24, 1993","1993"
"2023","A STORY WITH MEANING?","Oct. 25, 1993","1993"
"2024","A TOUCH OF AFFLUENCE","Oct. 26, 1993","1993"
"2025","VIOLENCE AND HEALTH","Oct. 27, 1993","1993"
"2026","A SPIRITED TIME","Oct. 28, 1993","1993"
"2027","AN OLD, OLD LITURGY","Oct. 31, 1993","1993"
"2028","“RACING THROUGH LIFE”","Nov. 04, 1993","1993"
"2029","GIVING TO ME","Nov. 06, 1993","1993"
"2030","A WEEK OF “CATCH-UP”","Nov. 08, 1993","1993"
"2031","FELLOWSHIP THOUGHTS","Nov. 10, 1993","1993"
"2032","ANOTHER ECOLOGICAL “LESSON”","Nov. 12, 1993","1993"
"2033","I LIKE PRAYER","Nov. 13, 1993","1993"
"2034","HARD… BUT IMPORTANT","Nov. 18, 1993","1993"
"2035","IS LIFE SHORT… OR LONG?","Nov. 20, 1993","1993"
"2036","SECULAR THOUGHTS","Nov. 23, 1993","1993"
"2037","MY “CHOSEN” PEOPLE","Nov. 24, 1993","1993"
"2038","SEASONS, SEASONS…","Nov. 27, 1993","1993"
"2039","WHAT I HAVE CHOSEN…","Dec. 01, 1993","1993"
"2040","WANT… AND… OUGHT","Dec. 03, 1993","1993"
"2041","I AM STILL WAITING… AND NOT WAITING","Dec. 04, 1993","1993"
"2042","A TIME TO REST?","Dec. 10, 1993","1993"
"2043","DYING… A STORY","Dec. 11, 1993","1993"
"2044","MINOR DISCOMFORTS","Dec. 13, 1993","1993"
"2045","EXAMINING LIFE","Dec. 15, 1993","1993"
"2046","MEN OF THE “CHRISTMAS STORY”","Dec. 18, 1993","1993"
"2047","MORE MEN… AT “CHRISTMAS”","Dec. 19, 1993","1993"
"2048","I’M STILL HERE…","Dec. 29, 1993","1993"
"2049","A WARNING…","Dec. 31, 1993","1993"
"2050","PAUL SAYS IT…","Jan. 02, 1994","1994"
"2051","SPACE… AND SPIRITS","Jan. 04, 1994","1994"
"2052","THE HOLY SPIRIT!","Jan. 06, 1994","1994"
"2053","SOME COMMENT ON A DRAMA","Jan. 08, 1994","1994"
"2054","WHY PRESBYTERIAN?","Jan. 11, 1994","1994"
"2055","EXPLAINING YOUR “GIFT”","Jan. 13, 1994","1994"
"2056","A TIME TO KILL AND A TIME TO HEAL…","Jan. 15, 1994","1994"
"2057","AM I A PART OF THIS?","Jan. 17, 1994","1994"
"2058","IN THE MIDST OF WINTER","Jan. 19, 1994","1994"
"2059","SELF WORTH","Jan. 21, 1994","1994"
"2060","MY HELP IS…?","Jan. 22, 1994","1994"
"2061","LIFE IS NOT ALWAYS AS IT SEEMS","Jan. 23, 1994","1994"
"2062","A RETURN TO “NORMAL”","Jan. 24, 1994","1994"
"2063","SOME THOUGHTS ON AGING","Jan. 26, 1994","1994"
"2064","A BRONZE SNAKE… AND ME","Jan. 29, 1994","1994"
"2065","LOVE… AND… FEAR","Feb. 01, 1994","1994"
"2066","YOU’RE BEGINNING TO SEE…","Feb. 02, 1994","1994"
"2067","PAIN, LENT, AND PARENTING","Feb. 05, 1994","1994"
"2068","PAIN… AND REIMAGING","Feb. 08, 1994","1994"
"2069","PROLIFERATION… FOR “PURITY”","Feb. 10, 1994","1994"
"2070","A STRANGE, PAINFUL EXPERIENCE","Feb. 12, 1994","1994"
"2071","DANCING… IN PAIN","Feb. 13, 1994","1994"
"2072","CELEBRATE LIFE!","Feb. 17, 1994","1994"
"2073","THREE IMPORTANT THEMES","Feb. 19, 1994","1994"
"2074","GOD’S MANY “ATTRIBUTES","Feb. 21, 1994","1994"
"2075","CONTROL OF PAIN?","Feb. 24, 1994","1994"
"2076","RAINBOW IS A PROMISE","Feb. 26, 1994","1994"
"2077","FREE ASSOCIATION… IN PAIN","Feb. 28, 1994","1994"
"2078","FAITH… IN A POSTMODERN WORLD","Mar. 03, 1994","1994"
"2079","A “POSTMODERN” WORLD?","Mar. 04, 1994","1994"
"2080","THE LORD DOTH TEST…","Mar. 05, 1994","1994"
"2081","POSTMODERN LIFE","Mar. 06, 1994","1994"
"2082","SIN… AND SALVATION","Mar. 08, 1994","1994"
"2083","ATTITUDE IS YOU?","Mar. 11, 1994","1994"
"2084","FAITH OF A CHILD","Mar. 12, 1994","1994"
"2085","AN UPDATE… “A MYSTICAL DANCE”","Mar. 13, 1994","1994"
"2086","THE MANY FACES OF REALITY","Mar. 16, 1994","1994"
"2087","MYSTICAL MEANINGS","Mar. 18, 1994","1994"
"2088","A SPECIAL GIFT…","Mar. 20, 1994","1994"
"2089","REAL LIFE… AND… YOUR LIFE","Mar. 22, 1994","1994"
"2090","REFLECTIONS ON A PSALM AND A","Mar. 23, 1994","1994"
"2091","FORGIVING YOURSELF","Mar. 26, 1994","1994"
"2092","IN THE VALLEY… FEAR NO EVIL","Mar. 30, 1994","1994"
"2093","SPIRITUAL CHALLENGES","Apr. 01, 1994","1994"
"2094","EASTER, YET AGAIN","Apr. 02, 1994","1994"
"2095","ANOTHER “IMPERFECTION”","Apr. 07, 1994","1994"
"2096","A FUNDAMENTAL PERCEPTION?","Apr. 09, 1994","1994"
"2097","DON’T FORGET HEALTH","Apr. 12, 1994","1994"
"2098","KEEP IT UP!","Apr. 14, 1994","1994"
"2099","HEALTH CARE, YET AGAIN","Apr. 16, 1994","1994"
"2100","SAFE IN THE FLOCK","Apr. 25, 1994","1994"
"2101","HEALING IN A HOSPITAL","Apr. 26, 1994","1994"
"2102","RECOVERY, ACCOMPANIED BY PROPHESY","Apr. 29, 1994","1994"
"2103","MORE COMMENTS ON PROPHESY","May. 01, 1994","1994"
"2104","A TURNING POINT?","May. 03, 1994","1994"
"2105","AN OLD… NEW… LESSON/COMMANDMENT","May. 06, 1994","1994"
"2106","FAMILIES","May. 08, 1994","1994"
"2107","YOU REMEMBERED!","May. 10, 1994","1994"
"2108","A DATE… AND ALCOHOL, AGAIN","May. 12, 1994","1994"
"2109","ENDINGS… AND BEGINNINGS","May. 13, 1994","1994"
"2110","SPIRIT IS…","May. 18, 1994","1994"
"2111","I AM… AND HERE","May. 20, 1994","1994"
"2112","PENTECOST AND BABEL","May. 21, 1994","1994"
"2113","HUMAN/SPIRITUAL INTERACTING, AGAIN","May. 24, 1994","1994"
"2114","ANTIBODY","May. 26, 1994","1994"
"2115","DIVERSE SPIRITUALITY","May. 28, 1994","1994"
"2116","MEMORIAL DAY","May. 30, 1994","1994"
"2117","YOUR MISSION… (?)","Jun. 02, 1994","1994"
"2118","EPILOGUE TO A FINE CLASS","Jun. 04, 1994","1994"
"2119","CHURCH IN TURMOIL?","Jun. 06, 1994","1994"
"2120","ANOTHER RETURN","Jun. 07, 1994","1994"
"2121","SOCIAL CAUSES","Jun. 09, 1994","1994"
"2122","THREE “BIBLE STORIES”","Jun. 10, 1994","1994"
"2123","TO SEE LIKE A PHARISEE","Jun. 12, 1994","1994"
"2124","THE PANORAMA OF EARTH LIFE","Jun. 14, 1994","1994"
"2125","ALOHA, YET AGAIN","Jun. 16, 1994","1994"
"2126","WHAT HAS BEEN… WHAT WILL BE","Jun. 19, 1994","1994"
"2127","A VISIT BEGUN","Jun. 21, 1994","1994"
"2128","SPIRIT ABOUNDS!","Jun. 23, 1994","1994"
"2129","CALLED… TO A TASK… OR TO BE?","Jun. 25, 1994","1994"
"2130","LIFE… AS OF NOW","Jun. 28, 1994","1994"
"2131","A SPIRITUAL COMPANION","Jul. 01, 1994","1994"
"2132","THREE IN ONE… TODAY","Jul. 02, 1994","1994"
"2133","INDEPENDENCE","Jul. 04, 1994","1994"
"2134","A TIME TO…","Jul. 06, 1994","1994"
"2135","AN “UPDATE” ON DEATH","Jul. 08, 1994","1994"
"2136","SUMMER PROGRESS","Jul. 12, 1994","1994"
"2137","MODERN LIFE, YET AGAIN","Jul. 15, 1994","1994"
"2138","STEWARDSHIP, YET AGAIN","Jul. 17, 1994","1994"
"2139","THE VIRTUE OF FORGIVENESS","Jul. 22, 1994","1994"
"2140","TO BE BORN AGAIN","Jul. 24, 1994","1994"
"2141","A SPIRITUAL NETWORK","Jul. 26, 1994","1994"
"2142","ANGELS… AND ME","Jul. 29, 1994","1994"
"2143","STORIES… AGAIN","Jul. 30, 1994","1994"
"2144","JOB, SO FAR…","Aug. 03, 1994","1994"
"2145","THE ORGANIZED CHURCH","Aug. 05, 1994","1994"
"2146","THE CHURCH’S ONE FOUNDATION","Aug. 06, 1994","1994"
"2147","YOUR MEDICAL CARE QUESTION","Aug. 08, 1994","1994"
"2148","EMMAUS AND DAMASCUS… ROADS","Aug. 12, 1994","1994"
"2149","GRACE AND FORGIVENESS","Aug. 13, 1994","1994"
"2150","FAMILY AND SPIRITUAL “TROUBLES”","Aug. 15, 1994","1994"
"2151","TEACHING’S COMING UP… AGAIN","Aug. 19, 1994","1994"
"2152","LIFE STORIES","Aug. 21, 1994","1994"
"2153","ADDICTIONS, + AND -","Aug. 23, 1994","1994"
"2154","JOB, JOB, JOB…","Aug. 24, 1994","1994"
"2155","IMPERFECTIONS IN A PERFECT WORLD","Aug. 27, 1994","1994"
"2156","ANGELS… AND THE CHURCH","Aug. 30, 1994","1994"
"2157","YOUR MONEY HANGUP","Sep. 02, 1994","1994"
"2158","LOVE… AND ELECTION","Sep. 04, 1994","1994"
"2159","SCHOLARS ARE A PAIN","Sep. 07, 1994","1994"
"2160","BEGINNING LIFE AGAIN","Sep. 10, 1994","1994"
"2161","PRESBYTERIANS… AND PARTICIPATION","Sep. 11, 1994","1994"
"2162","AN ACTIVE GOD… I CAN BE","Sep. 13, 1994","1994"
"2163","THE GOD DILEMMA","Sep. 14, 1994","1994"
"2164","JANE’S FEARS","Sep. 16, 1994","1994"
"2165","ANOTHER CALL FROM JANE","Sep. 19, 1994","1994"
"2166","THIS WONDERFUL, CRAZY WORLD","Sep. 24, 1994","1994"
"2167","A CHANGE OF SEASON","Sep. 25, 1994","1994"
"2168","DANIEL’S STORY, SO FAR","Sep. 28, 1994","1994"
"2169","THE BUZZ, BUZZ OF LIFE","Oct. 04, 1994","1994"
"2170","STORIES, STORIES…","Oct. 12, 1994","1994"
"2171","WHO’S IN CHARGE?!","Oct. 14, 1994","1994"
"2172","ANOTHER MYSTERY","Oct. 17, 1994","1994"
"2173","My ECOLOGOCIAL “VIEW”","Oct. 21, 1994","1994"
"2174","VALUES AND PERCEPTIONS","Oct. 25, 1994","1994"
"2175","FREE WILL?","Oct. 26, 1994","1994"
"2176","THE STIUMULUS THAT “BURNS”","Oct. 28, 1994","1994"
"2177","IN THE MIDST OF A CITY, II","Oct. 31, 1994","1994"
"2178","LIFE AND DEATH… REVISITED","Nov. 01, 1994","1994"
"2179","ANOTHER SUNRISE","Nov. 03, 1994","1994"
"2180","THE JOY OF GIVING","Nov. 05, 1994","1994"
"2181","TAKE TIME TO BE HOLY… WITH ME","Nov. 09, 1994","1994"
"2182","THOSE WHO SUFFER","Nov. 11, 1994","1994"
"2183","A SLIGHT CHANGE IN GOVERNMENT","Nov. 12, 1994","1994"
"2184","BOTH/AND… IN DANIEL","Nov. 16, 1994","1994"
"2185","A RESPITE","Nov. 18, 1994","1994"
"2186","TWO FRIENDS NAMED ANDY","Nov. 19, 1994","1994"
"2187","YOU’RE “IN THE WAVE”","Nov. 22, 1994","1994"
"2188","WHY THANKS?","Nov. 24, 1994","1994"
"2189","MORE ABOUT “THE WAVE”","Nov. 26, 1994","1994"
"2190","SHE PREACHED ON ANGELS","Nov. 28, 1994","1994"
"2191","I AM WITH YOU","Dec. 03, 1994","1994"
"2192","REFLECTIONS ON REFLECTONS","Dec. 04, 1994","1994"
"2193","SCIENCE AND SPIRIT","Dec. 08, 1994","1994"
"2194","SPIRIT ABOUNDS","Dec. 10, 1994","1994"
"2195","SOME THOUGHTS ON THE MILLENIUM","Dec. 15, 1994","1994"
"2196","ANGELS, YET AGAIN","Dec. 18, 1994","1994"
"2197","A “DIFFERENT” PRE-CHRISTMAS","Dec. 23, 1994","1994"
"2198","INSIGHTS","Dec. 27, 1994","1994"
"2199","MY GIFT OF UNEASINESS","Dec. 29, 1994","1994"
"2200","REFLECTIONS ON A PROPHETIC STORY","Dec. 31, 1994","1994"
"2201","ANOTHER NEW YEAR","Jan. 02, 1995","1995"
"2202","WANTING TO HEAR","Jan. 04, 1995","1995"
"2203","EPIPHANY","Jan. 06, 1995","1995"
"2204","“TRADITIONAL HOLINESS”","Jan. 08, 1995","1995"
"2205","MORE ON “TRADITIONAL HOLINESS”","Jan. 10, 1995","1995"
"2206","MONEY AND EMPTINESS","Jan. 12, 1995","1995"
"2207","DIVERSE CHRISTIAN STORIES","Jan. 14, 1995","1995"
"2208","WHO AM I?","Jan. 18, 1995","1995"
"2209","SOME INSIGHTS ON “YOUR THREE”","Jan. 20, 1995","1995"
"2210","A TRIUNE GOD","Jan. 22, 1995","1995"
"2211","TRADITION AND CHANGE","Jan. 26, 1995","1995"
"2212","AN UPDATE ON DEATH","Jan. 28, 1995","1995"
"2213","ANGELS AND LIFE","Jan. 29, 1995","1995"
"2214","CALLED AND/OR FREE?","Feb. 01, 1995","1995"
"2215","SOME COMMENTS ON JANE","Feb. 03, 1995","1995"
"2216","ONLY ONCE?","Feb. 04, 1995","1995"
"2217","GOD, “THE CONSERVATIVE”?","Feb. 07, 1995","1995"
"2218","LOVE… LIGHT… LIFE","Feb. 08, 1995","1995"
"2219","COMPETITION WITH ME","Feb. 10, 1995","1995"
"2220","WHAT ABOUT THE BIBLE?","Feb. 12, 1995","1995"
"2221","THE BIBLE AS MYSTICAL","Feb. 15, 1995","1995"
"2222","FUNNY THING ABOUT THE LORD… !","Feb. 17, 1995","1995"
"2223","I’M A VERSATILE GOD","Feb. 19, 1995","1995"
"2224","ECLECTIC THEOLOGY","Feb. 22, 1995","1995"
"2225","THIS WONDERFUL, STRANGE EARTH SCENE","Feb. 23, 1995","1995"
"2226","DIVERSITY HAS A “DOWNSIDE”","Feb. 25, 1995","1995"
"2227","LENT","Mar. 01, 1995","1995"
"2228","FEEL THE CHANGE IN “PACE”","Mar. 02, 1995","1995"
"2229","WHAT’S PREBYTERIAN?","Mar. 04, 1995","1995"
"2230","DIVERSITY IN SPIRITUALITY","Mar. 05, 1995","1995"
"2231","WHAT IS MY PEACE?","Mar. 08, 1995","1995"
"2232","BEING AMERICAN:  A SPIRITUAL CHALLENGE","Mar. 10, 1995","1995"
"2233","IF TO ONLY ONE OR TWO…","Mar. 10, 1995","1995"
"2234","DIVERSITY… UP CLOSE!","Mar. 13, 1995","1995"
"2235","NON-ATTACHMENT, YET AGAIN","Mar. 14, 1995","1995"
"2236","SOME REFLECTIONS ON A VISIT","Mar. 17, 1995","1995"
"2237","WHAT IS FAITH?","Mar. 18, 1995","1995"
"2238","ANGELS AND KINDNESS","Mar. 22, 1995","1995"
"2239","WHAT IS SPIRITUAL?","Mar. 26, 1995","1995"
"2240","YOUR OTHER “WORLD”","Apr. 01, 1995","1995"
"2241","SOME CLARIFICATION ON GOODNESS?","Apr. 05, 1995","1995"
"2242","WHEN SPIRIT IS NECESSARY…","Apr. 06, 1995","1995"
"2243","ARE YOU A PRESBYTERIAN?","Apr. 09, 1995","1995"
"2244","PERINATAL LOSS","Apr. 13, 1995","1995"
"2245","DEATH OF THE YOUNG, CONTINUED","Apr. 14, 1995","1995"
"2246","A POSITIVE LOOK AT EASTER","Apr. 16, 1995","1995"
"2247","GENTLENESS","Apr. 19, 1995","1995"
"2248","A LOOK AHEAD","Apr. 21, 1995","1995"
"2249","SIMPLE LIFE","Apr. 24, 1995","1995"
"2250","A TRAGIC BLAST","Apr. 26, 1995","1995"
"2251","PROBLEMS, PROBLEMS…","Apr. 28, 1995","1995"
"2252","WHEN FAITH IS TESTED","Apr. 29, 1995","1995"
"2253","INSIGHTS","May. 02, 1995","1995"
"2254","LIFE AND DEATH:  PRESBYTERIAN","May. 05, 1995","1995"
"2255","LIFE AND DEATH:  PRESBYTERIAN, CON’T","May. 06, 1995","1995"
"2256","OLD AGE","May. 08, 1995","1995"
"2257","BALANCING LIFE","May. 11, 1995","1995"
"2258","WHERE IS “HERE”?","May. 14, 1995","1995"
"2259","ADULT EDUCATION","May. 16, 1995","1995"
"2260","JOHN… AT A SLOW PACE","May. 17, 1995","1995"
"2261","… AND I’M STILL HERE!","May. 20, 1995","1995"
"2262","ANOTHER LOOK AT TIME","May. 23, 1995","1995"
"2263","THE LETTER… AND A “BIRTHDAY”","May. 26, 1995","1995"
"2264","BEING PRESBYTERIAN","May. 28, 1995","1995"
"2265","A “CHOSEN PEOPLE”?","May. 31, 1995","1995"
"2266","CONTINUE TO REJOICE","Jun. 02, 1995","1995"
"2267","PENTECOST SUNDAY","Jun. 04, 1995","1995"
"2268","YOUR SUBJECT IS “DRUGS”","Jun. 08, 1995","1995"
"2269","DISCIPLINE GETS HARDER…","Jun. 09, 1995","1995"
"2270","“ALTERING CONSCIOUSNESS”","Jun. 10, 1995","1995"
"2271","YOU’VE TAKEN A STEP…","Jun. 15, 1995","1995"
"2272","END OF ANOTHER ADVENTURE","Jun. 16, 1995","1995"
"2273","… SO MUCH MORE I WANT TO TELL YOU…","Jun. 17, 1995","1995"
"2274","AN IDEAL CULTURE?","Jun. 19, 1995","1995"
"2275","DID I, AS JESUS, HAVE FREE WILL?","Jun. 21, 1995","1995"
"2276","MEN","Jun. 24, 1995","1995"
"2277","SOME MORE THOUGHTS ON HOLY COMMUNION","Jun. 25, 1995","1995"
"2278","THE CONTINUUM “CONCEPT”","Jun. 28, 1995","1995"
"2279","AS JESUS, I SAID…","Jun. 29, 1995","1995"
"2280","“ESOTERICA”","Jul. 01, 1995","1995"
"2281","INDEPENDENCE DAY?!","Jul. 04, 1995","1995"
"2282","THE MAN BORN BLIND","Jul. 06, 1995","1995"
"2283","FUNERAL TIME","Jul. 07, 1995","1995"
"2284","REFLECTIONS ON EMMAUS","Jul. 09, 1995","1995"
"2285","IS IT REAL?... YET AGAIN","Jul. 11, 1995","1995"
"2286","SHOULD I BE A “BETTER GOD”?","Jul. 13, 1995","1995"
"2287","TRUST IS ALL YOU NEED","Jul. 14, 1995","1995"
"2288","LOVE:  UNDESERVED!  UNCONDITIONAL?","Jul. 16, 1995","1995"
"2289","A LESSON FOR THE FUTURE","Jul. 21, 1995","1995"
"2290","LAZARUS, THE SYMBOL","Jul. 22, 1995","1995"
"2291","WHAT’S IMPORTANT?","Jul. 28, 1995","1995"
"2292","ANOTHER LOOK AT PERSPECTIVES","Jul. 29, 1995","1995"
"2293","ANOTHER LOOK… CONTINUED","Jul. 29, 1995","1995"
"2294","A COUPLE OF “BOTH/AND”’S","Aug. 01, 1995","1995"
"2295","A CLASS ON THE BIBLE CHALLENGE!","Aug. 03, 1995","1995"
"2296","AN UPDATE ON HEALTH","Aug. 04, 1995","1995"
"2297","A HEART NOT TROUBLED","Aug. 06, 1995","1995"
"2298","A HEART NOT TROUBLED","Aug. 08, 1995","1995"
"2299","LET NOT YOUR HEART BE TROUBLED…","Aug. 09, 1995","1995"
"2300","SCIENCE, SPIRIT, AND MODERN LIFE","Aug. 12, 1995","1995"
"2301","ANOTHER LOOK AT SCIENCE","Aug. 14, 1995","1995"
"2302","REFLECTIONS ON YOUR MISSION","Aug. 16, 1995","1995"
"2303","TOWARD A NEW BALANCING","Aug. 18, 1995","1995"
"2304","REFLECTIONS ON AN “IMPERFECTION”","Aug. 20, 1995","1995"
"2305","YES, IT IS MYSTICAL…","Aug. 23, 1995","1995"
"2306","DRUGS… ONCE AGAIN","Aug. 24, 1995","1995"
"2307","THE BIBLE… YET AGAIN","Aug. 26, 1995","1995"
"2308","SOME THOUGHTS ABOUT CHRIS","Aug. 28, 1995","1995"
"2309","THREE… IN ONE?!","Aug. 30, 1995","1995"
"2310","EULOGY FOR CHRIS","Sep. 01, 1995","1995"
"2311","JOHN’S “BEGINNING”","Sep. 03, 1995","1995"
"2312","GLORY","Sep. 06, 1995","1995"
"2313","MY SERVANTS ON THE “RIGHT”","Sep. 08, 1995","1995"
"2314","SOME MORE THOUGHTS ON “RIGHT WINGERS”","Sep. 09, 1995","1995"
"2315","REFLECTIONS ON YOUR “SEASON”","Sep. 11, 1995","1995"
"2316","A STRANGE LIFE PATTERN?","Sep. 13, 1995","1995"
"2317","WHAT WAS LEFT OUT…?","Sep. 15, 1995","1995"
"2318","FOR EVERYTHING… A SEASON","Sep. 16, 1995","1995"
"2319","REAL… AND… MYSTICAL","Sep. 20, 1995","1995"
"2320","WHAT “TIME” IS IT NOW?","Sep. 22, 1995","1995"
"2321","THERE IS TIME TO…","Sep. 24, 1995","1995"
"2322","A SET-UP FOR GRACE?!","Oct. 01, 1995","1995"
"2323","JOHN:  IT IS FINISHED","Oct. 04, 1995","1995"
"2324","TEACHINGS: WHAT, HOW, WHY…?","Oct. 05, 1995","1995"
"2325","“INVOKING THE SACRED”","Oct. 09, 1995","1995"
"2326","POETRY… OR “REALITY”?","Oct. 11, 1995","1995"
"2327","SOME COMMENTS ON “THE SERMON…”","Oct. 13, 1995","1995"
"2328","IMAGINE BEING THERE…","Oct. 15, 1995","1995"
"2329","ANY NEWS ABOUT ALCOHOL?","Oct. 16, 1995","1995"
"2330","HOW ARE YOU DOING… ?","Oct. 20, 1995","1995"
"2331","A SIMPLE VERSE!?","Oct. 21, 1995","1995"
"2332","SHOW FORTH THE SPIRITUAL","Oct. 26, 1995","1995"
"2333","USUAL… AND… UNUSUAL","Oct. 27, 1995","1995"
"2334","THE LEAVES DO FALL…","Oct. 30, 1995","1995"
"2335","YES, I’M SOVEREIGN!","Nov. 01, 1995","1995"
"2336","BABEL REVISITED?","Nov. 03, 1995","1995"
"2337","JUST BE HERE!","Nov. 05, 1995","1995"
"2338","PRIORITIES","Nov. 09, 1995","1995"
"2339","PREVENTING JOY?","Nov. 10, 1995","1995"
"2340","MY FRIENDLY STORIES?","Nov. 11, 1995","1995"
"2341","A FRIEND PASSES ON","Nov. 12, 1995","1995"
"2342","I AM THE PO-OW-ER!","Nov. 15, 1995","1995"
"2343","ON THE “OFF RAMP”","Nov. 17, 1995","1995"
"2344","DEATH:  A MYSTICAL EXPERIENCE","Nov. 19, 1995","1995"
"2345","ACCENTUATE THE POSITIVE","Nov. 21, 1995","1995"
"2346","AND I SAY, “GIVE THANKS!”","Nov. 23, 1995","1995"
"2347","APPARENT TRUTHS","Nov. 25, 1995","1995"
"2348","ANOTHER WAR?","Nov. 27, 1995","1995"
"2349","SOME CLARIFICATIONS ON “MY LOVES”","Nov. 29, 1995","1995"
"2350","THE VERY BEGINNING OF A “LULL”","Dec. 01, 1995","1995"
"2351","SOLOMON, THE IMPERFECT KING","Dec. 03, 1995","1995"
"2352","PETE AND PEARL, YET AGAIN","Dec. 07, 1995","1995"
"2353","SOME THOUGHTS ON “MODERN MEDICINE”","Dec. 08, 1995","1995"
"2354","MONEY…","Dec. 11, 1995","1995"
"2355","… AND THE GOVERNMENT SHALL BE…","Dec. 13, 1995","1995"
"2356","ECOLOGY… AND ME, AGAIN","Dec. 16, 1995","1995"
"2357","THE WOMEN…","Dec. 18, 1995","1995"
"2358","EARTH… AS I WANT IT TO BE","Dec. 20, 1995","1995"
"2359","GOVERNMENT, YET AGAIN","Dec. 22, 1995","1995"
"2360","CHRISTMAS PAST… RUMINATIONS AHEAD","Dec. 26, 1995","1995"
"2361","TRASH","Dec. 28, 1995","1995"
"2362","PEOPLE:  MY DILEMMA","Dec. 30, 1995","1995"
"2363","A HAPPY NEW YEAR?","Dec. 31, 1995","1995"
"2364","SEE IT AS AN OPPORTUNITY","Year 1996 (approx)","1996"
"2365","SOME AFFIRMATIONS","Year 1996 (approx)","1996"
"2366","TIME AND TASKS","Year 1996 (approx)","1996"
"2367","SERVICE TO OTHERS… ME","Year 1996 (approx)","1996"
"2368","SPIRIT AND (AS) ENERGY","Year 1996 (approx)","1996"
"2369","ANOTHER CHANGE OF SEASON","Year 1996 (approx)","1996"
"2370","AM I INVOLVED… ?","Year 1996 (approx)","1996"
"2371","OH, IF YOU COULD SPEAK…","Year 1996 (approx)","1996"
"2372","TIME… AN “ENEMY”","Year 1996 (approx)","1996"
"2373","YOU’LL TALK ABOUT DEATH…","Year 1996 (approx)","1996"
"2374","IN THE MATTER OF VIOLENCE…","Year 1996 (approx)","1996"
"2375","AT LEAST IT’S STARTED…","Year 1996 (approx)","1996"
"2376","ISAIAH FORETOLD…?","Jan. 03, 1996","1996"
"2377","DUBOS, WARMING, AND WINTER","Jan. 06, 1996","1996"
"2378","A STRANGE PATH… SO IT SEEMS","Jan. 07, 1996","1996"
"2379","REFLECTIONS ON MORNING TALK","Jan. 10, 1996","1996"
"2380","YOUR FARM… A HAVEN?","Jan. 12, 1996","1996"
"2381","WORLD TENSIONS","Jan. 14, 1996","1996"
"2382","I AM! … YOU ARE?","Jan. 17, 1996","1996"
"2383","… OF IMPORTANCE","Jan. 19, 1996","1996"
"2384","A TRIUNE GOD I AM","Jan. 21, 1996","1996"
"2385","JUSTICE AND MERCY FROM FATHER GOD","Jan. 24, 1996","1996"
"2386","JOHN’S GOSPEL","Jan. 26, 1996","1996"
"2387","MORE ABOUT JOHN’S GOSPEL","Jan. 28, 1996","1996"
"2388","“TOUGH LOVE”","Jan. 30, 1996","1996"
"2389","WHY NOT ME?","Jan. 31, 1996","1996"
"2390","JOHN’S GOSPEL, SOME MORE","Feb. 03, 1996","1996"
"2391","SECURITY… MY PRESCRIPTION","Feb. 07, 1996","1996"
"2392","… A CHASING AFTER WIND","Feb. 09, 1996","1996"
"2393","DANGERS IN LIFE","Feb. 10, 1996","1996"
"2394","GIVING TO ME","Feb. 14, 1996","1996"
"2395","PRIORITIES: COMMENDABLE… AND NOT SO","Feb. 16, 1996","1996"
"2396","IF CHANGE COMES FAST…?","Feb. 17, 1996","1996"
"2397","ANGELS, ONCE MORE","Feb. 18, 1996","1996"
"2398","THE JEWS AS ANALOG","Feb. 21, 1996","1996"
"2399","THE “INVISIBLE WORLD”","Feb. 23, 1996","1996"
"2400","BEING FAITHFUL","Feb. 25, 1996","1996"
"2401","BLESSINGS… TESTS… AND YEARS","Feb. 28, 1996","1996"
"2402","A REPLY TO AN OLD FRIEND","Mar. 01, 1996","1996"
"2403","AND THERE’S MORE… FOR AN OLD FRIEND","Mar. 03, 1996","1996"
"2404","SOME “FINAL THOUGHTS” FROM ISAIAH","Mar. 06, 1996","1996"
"2405","ANOTHER TIME OF DISCOMFORT","Mar. 07, 1996","1996"
"2406","PAIN… ONCE AGAIN","Mar. 09, 1996","1996"
"2407","TROUBLES FOR FRIEND ANDY","Mar. 12, 1996","1996"
"2408","SOME LENTEN THOUGHTS ON BEING","Mar. 13, 1996","1996"
"2409","WHY BE CONSISTENT?","Mar. 15, 1996","1996"
"2410","BOOSTING YOUR SPIRIT","Mar. 16, 1996","1996"
"2411","REMEMBER BACK? A PLEDGE…","Mar. 17, 1996","1996"
"2412","THESE MYSTICAL SCRIPTURES","Mar. 20, 1996","1996"
"2413","SEMESTER… AND… SEASON","Mar. 22, 1996","1996"
"2414","ANOTHER WEDNESDAY… ANOTHER STORY","Mar. 27, 1996","1996"
"2415","PHILOSOPHIES OF LEARNING","Mar. 29, 1996","1996"
"2416","LESSONS FROM THE SUNDAY OF","Mar. 30, 1996","1996"
"2417","MORE LESSONS…?","Mar. 31, 1996","1996"
"2418","WHAT SHOULD YOU REMEMBER?","Apr. 03, 1996","1996"
"2419","A DAY OF SICKNESS","Apr. 05, 1996","1996"
"2420","DEATH IS LIFE…","Apr. 06, 1996","1996"
"2421","…AND THEN WHAT HAPPENED?","Apr. 10, 1996","1996"
"2422","WHEN IN DOUBT…","Apr. 11, 1996","1996"
"2423","MY EARTH AND ITS LIFE","Apr. 12, 1996","1996"
"2424","REALITY…TESTING?","Apr. 14, 1996","1996"
"2425","KNOWING WHO YOU ARE","Apr. 17, 1996","1996"
"2426","SAVING LIVES?","Apr. 18, 1996","1996"
"2427","REFLECTIONS ON “BLACK FOLKS”","Apr. 19, 1996","1996"
"2428","AN AMALGAM OF COURSES","Apr. 20, 1996","1996"
"2429","THE “ULTIMATE WELFARE”","Apr. 24, 1996","1996"
"2430","SINS (AGAIN?)","Apr. 25, 1996","1996"
"2431","A TIME OF PEACE?","Apr. 27, 1996","1996"
"2432","CLASSES COMPLETED","May. 02, 1996","1996"
"2433","DIVERSITY… WHEN IT DOESN’T LOOK GOOD","May. 02, 1996","1996"
"2434","UNITY IS THE GOAL","May. 04, 1996","1996"
"2435","NEED HELP WITH “SIN”?","May. 07, 1996","1996"
"2436","PAIN... AND... SIN","May. 09, 1996","1996"
"2437","HOSPICE CARE… AGAIN","May. 10, 1996","1996"
"2438","LIFE GOES ON…","May. 13, 1996","1996"
"2439","YOU ARE “IN”!","May. 15, 1996","1996"
"2440","MYSTICAL… FUN","May. 16, 1996","1996"
"2441","AN “UPDATE” ON DEATH","May. 17, 1996","1996"
"2442","MORE ON LIFE AND DEATH PERSPECTIVES","May. 19, 1996","1996"
"2443","THREE “BIRTHDAYS” IN A WEEK","May. 20, 1996","1996"
"2444","WHAT “KIND OF” GOD AM I?","May. 22, 1996","1996"
"2445","JUDGED… OR JUST ACCEPTED?","May. 24, 1996","1996"
"2446","A DAY OF WIND AND FIRE","May. 26, 1996","1996"
"2447","CONSISTENCY?… I AM NOT BOUND","May. 29, 1996","1996"
"2448","THE BEGINNING… OF THE END","May. 31, 1996","1996"
"2449","DEATH IS A DOOR","Jun. 02, 1996","1996"
"2450","DEATH… THAT LEADS TO LIFE","Jun. 04, 1996","1996"
"2451","… LIKE AS A FATHER …","Jun. 05, 1996","1996"
"2452","LIFE IS CIRCULAR?!","Jun. 07, 1996","1996"
"2453","YOU’RE NOT THERE","Jun. 09, 1996","1996"
"2454","HISTORY","Jun. 11, 1996","1996"
"2455","ALTERING CONSCIOUSNESS, AGAIN","Jun. 13, 1996","1996"
"2456","LIVING LIFE FULLY","Jun. 16, 1996","1996"
"2457","SPIRITUAL DISCONTENT… AGAIN","Jun. 19, 1996","1996"
"2458","FREE WILL… NOT EITHER/OR","Jun. 22, 1996","1996"
"2459","A SABBATH DAY","Jun. 23, 1996","1996"
"2460","GOD’S JUDGMENT","Jun. 26, 1996","1996"
"2461","ALMOST…","Jun. 28, 1996","1996"
"2462","LIFE EXPERIENCES","Jul. 01, 1996","1996"
"2463","DID I SAY IT WOULD BE EASY?","Jul. 03, 1996","1996"
"2464","SOME THOUGHTS ON INDEPENDENCE","Jul. 05, 1996","1996"
"2465","DEALING WITH OLD AGE","Jul. 07, 1996","1996"
"2466","ANOTHER RETURN…","Jul. 09, 1996","1996"
"2467","SPIRITUAL STRUGGLES","Jul. 10, 1996","1996"
"2468","LIFE STILL SHOULD BE FUN!","Jul. 11, 1996","1996"
"2469","SMILE! … THE VISIT CONTINUES","Jul. 12, 1996","1996"
"2470","CURIOUS… TRUSTING… HONEST","Jul. 14, 1996","1996"
"2471","GOOD AND EVIL:  SOME OF EACH","Jul. 16, 1996","1996"
"2472","AN IMPORTANT LIFE… SPIRITUAL…","Jul. 17, 1996","1996"
"2473","…IN A FINE PLACE","Jul. 20, 1996","1996"
"2474","HAVEN’T I BEEN TOUTING “DIVERSITY”?","Jul. 21, 1996","1996"
"2475","HAVE I “BEGUN”?","Jul. 23, 1996","1996"
"2476","WHAT IS APPARENT… REAL…?","Jul. 24, 1996","1996"
"2477","JANE’S DILEMMA","Jul. 27, 1996","1996"
"2478","“CONVERSATIONS…”","Jul. 30, 1996","1996"
"2479","CONVERSATIONS… II","Jul. 31, 1996","1996"
"2480","LEARNING FROM DUBOS","Aug. 02, 1996","1996"
"2481","I WON’T TELL YOU THAT, BUT…","Aug. 04, 1996","1996"
"2482","“DISASTERS”?","Aug. 06, 1996","1996"
"2483","A RUMINATIONS ON CONVERSATIONS…?","Aug. 07, 1996","1996"
"2484","A GOOD ERA… YOURS","Aug. 09, 1996","1996"
"2485","PRAYER… A GIFT","Aug. 11, 1996","1996"
"2486","CONVERSATIONS… SOME MORE","Aug. 14, 1996","1996"
"2487","WHO IS THIS, REALLY?","Aug. 16, 1996","1996"
"2488","CONSEQUENCES… REPURCUSSIONS","Aug. 17, 1996","1996"
"2489","THE SEMINAR… AND ME","Aug. 21, 1996","1996"
"2490","RETIREMENT?","Aug. 23, 1996","1996"
"2491","KIDS… AND PROBLEMS","Aug. 24, 1996","1996"
"2492","YES, I WAS THERE, AND…","Aug. 28, 1996","1996"
"2493","THOUGHTS ON MOOD MODIFYING","Aug. 29, 1996","1996"
"2494","ANDY’S BACK!","Aug. 30, 1996","1996"
"2495","REALITY… RATIONAL… MYSTICAL","Oct. 02, 1996","1996"
"2496","WORLD COMMUNION DAY","Oct. 06, 1996","1996"
"2497","A DAY OF CONTRASTS","Oct. 08, 1996","1996"
"2498","FREEDOM… EQUALITY… POLITICS","Oct. 10, 1996","1996"
"2499","A MIXTURE OF EXPERIENCES","Oct. 12, 1996","1996"
"2500","MY SENSE OF HUMOR AND FUN","Oct. 16, 1996","1996"
"2501","PRIORITIES, PRIORITIES…","Oct. 18, 1996","1996"
"2502","ATHLETICS?","Oct. 19, 1996","1996"
"2503","THE FUTURE…?","Oct. 23, 1996","1996"
"2504","YES, I DO SEND…","Oct. 25, 1996","1996"
"2505","REACTIONS TO IT","Oct. 26, 1996","1996"
"2506","CAN YOU “TAKE YOUR LIFE”?","Oct. 27, 1996","1996"
"2507","NON-ATTACHMENT… YET ANEW","Oct. 30, 1996","1996"
"2508","PROBLEMS, PROBLEMS…","Oct. 31, 1996","1996"
"2509","MORE PROGRESS ON THE OFF RAMP","Nov. 01, 1996","1996"
"2510","AWARENESS, NO KA OE","Nov. 03, 1996","1996"
"2511","GOVERNMENTAL BALANCE","Nov. 04, 1996","1996"
"2512","AN UPDATE ON HEALTH","Nov. 07, 1996","1996"
"2513","IT’S HEALTHY… JUST TO BE HERE","Nov. 09, 1996","1996"
"2514","HAVE THE TIMES CHANGED MUCH?","Nov. 13, 1996","1996"
"2515","HOW “PRECIOUS” IS LIFE?","Nov. 15, 1996","1996"
"2516","THE STRUGGLE FOR FOOD","Nov. 17, 1996","1996"
"2517","DEPARTURES FROM “NORMALITY”","Nov. 20, 1996","1996"
"2518","A.A. AND SPIRITUALITY","Nov. 22, 1996","1996"
"2519","WHY DON’T I “DO SOMETHING!”?","Nov. 23, 1996","1996"
"2520","A WALK ON A COLD MORNING","Nov. 26, 1996","1996"
"2521","FAMILY VALUES","Nov. 27, 1996","1996"
"2522","DO YOU STILL NEED GOALS?","Nov. 29, 1996","1996"
"2523","FAMILIES, FAMILIES…","Dec. 04, 1996","1996"
"2524","ANOTHER STEP TOWARD SUNRISE","Dec. 06, 1996","1996"
"2525","PETE AND PEARL, YET AGAIN","Dec. 07, 1996","1996"
"2526","SPIRIT’S MANY “FORMS”","Dec. 09, 1996","1996"
"2527","SOME QUESTIONS? SOME ANSWERS","Dec. 11, 1996","1996"
"2528","REPLAY ON PERSPECTIVES","Dec. 13, 1996","1996"
"2529","ECONOMICS AND MY EARTH","Dec. 15, 1996","1996"
"2530","SELAH: PERSPECTIVES","Dec. 17, 1996","1996"
"2531","HEALTH IS ADAPTATION","Dec. 20, 1996","1996"
"2532","OUR RELATIONSHIP CONTINUES","Dec. 20, 1996","1996"
"2533","CHRISTMAS AND ME","Dec. 22, 1996","1996"
"2534","CHRISTMAS:  PART MYSTICAL","Dec. 27, 1996","1996"
"2535","A MYSTICAL FUTURE","Dec. 29, 1996","1996"
"2536","LIFE IS PRECIOUS?","Dec. 30, 1996","1996"
"2537","ANOTHER YEAR BEGINNETH","Jan. 04, 1997","1997"
"2538","REINCAR… OR, BETTER, ETERNAL LIFE","Jan. 05, 1997","1997"
"2539","YOUR LIFE…","Jan. 09, 1997","1997"
"2540","MISTAKES… SINS","Jan. 12, 1997","1997"
"2541","THEOLOGY IN WINTER","Jan. 15, 1997","1997"
"2542","THEOLOGY AND DIVERSITY","Jan. 17, 1997","1997"
"2543","AN UPDATE ON MY SENSE OF FUN","Jan. 18, 1997","1997"
"2544","YOUR CONTINUUM: ITS SPIRITUAL “SIDE”","Jan. 21, 1997","1997"
"2545","PAUL’S INFLUENCE","Jan. 22, 1997","1997"
"2546","THE 1st COMMANDMENT:","Jan. 24, 1997","1997"
"2547","POWER, SUFFERING, AND ME","Jan. 29, 1997","1997"
"2548","LIFE GOES ON","Jan. 31, 1997","1997"
"2549","…AND, BY THE WAY, HAVE FUN!","Feb. 01, 1997","1997"
"2550","IN THE “MEDICAL SCENE”","Feb. 06, 1997","1997"
"2551","NON-ATTACHMENT: AN UPDATE","Feb. 07, 1997","1997"
"2552","COUNT YOUR BLESSINGS… OFTEN","Feb. 08, 1997","1997"
"2553","OH GOD… AND YOU","Feb. 12, 1997","1997"
"2554","WIN SOME… LOSE SOME","Feb. 15, 1997","1997"
"2555","AM I “DEMOCRATIC”?","Feb. 16, 1997","1997"
"2556","A NOTABLE DAY","Feb. 19, 1997","1997"
"2557","DIVERSITY IN ADDICTIONS","Feb. 21, 1997","1997"
"2558","DIFFERENT “BALANCINGS”","Feb. 22, 1997","1997"
"2559","HOW GOES THE “FUTURE”?","Feb. 25, 1997","1997"
"2560","A B MOVIE?","Feb. 26, 1997","1997"
"2561","“IT’S A FUNNY WORLD”","Mar. 01, 1997","1997"
"2562","LONELINESS!?","Mar. 05, 1997","1997"
"2563","ACCOMPLISHMENT","Mar. 07, 1997","1997"
"2564","MUSE IN THE GARDEN","Mar. 08, 1997","1997"
"2565","TIME FOR RUMINATIONS","Mar. 10, 1997","1997"
"2566","PREDESTINATION:  WHAT DO I SAY?","Mar. 12, 1997","1997"
"2567","THE PERSPECTIVES… AND ME","Mar. 15, 1997","1997"
"2568","PROGRESS?","Mar. 16, 1997","1997"
"2569","APPRECIATE THE POSITIVE","Mar. 21, 1997","1997"
"2570","HOME… FOR PALMS","Mar. 23, 1997","1997"
"2571","JESUS, LAZARUS, AND “DEATH”","Mar. 26, 1997","1997"
"2572","“PLAYING GOD”?","Mar. 27, 1997","1997"
"2573","A PAINFUL DEATH","Mar. 28, 1997","1997"
"2574","EASTER, YET AGAIN","Mar. 30, 1997","1997"
"2575","CHRISTIAN HISTORY… AND ME","Apr. 03, 1997","1997"
"2576","FRUSTRATIONS… TIME… TASKS","Apr. 04, 1997","1997"
"2577","SPRINGTIME, AGAIN","Apr. 06, 1997","1997"
"2578","SERVICE TO ME","Apr. 10, 1997","1997"
"2579","DID I “PLAY” WITH YOU?","Apr. 11, 1997","1997"
"2580","LIFE AND DEATH: A REVISIT","Apr. 12, 1997","1997"
"2581","BIBLE STUDY","Apr. 16, 1997","1997"
"2582","MINISTRIES AT THE UNIVERSITY","Apr. 18, 1997","1997"
"2583","CAN I BE LIMITED?","Apr. 19, 1997","1997"
"2584","THE TIME TO… A REPRISE","Apr. 23, 1997","1997"
"2585","UNPLEASANT TASKS… BEGIN!","Apr. 24, 1997","1997"
"2586","A DANGEROUS PLACE?","Apr. 25, 1997","1997"
"2587","RE-READING IS IMPORTANT","Apr. 27, 1997","1997"
"2588","ANOTHER “LAST”","May. 01, 1997","1997"
"2589","“HERE I AM, SON”","May. 02, 1997","1997"
"2590","HUMAN/SPIRITUAL INTERACTING:","May. 03, 1997","1997"
"2591","THE VALUE OF A LIFE","May. 06, 1997","1997"
"2592","THE PREACHER… REVISITED","May. 07, 1997","1997"
"2593","DEATH IS BIRTH… AND…","May. 09, 1997","1997"
"2594","YOU ALMOST FORGOT…","May. 11, 1997","1997"
"2595","STORIES: REMEMBER…","May. 13, 1997","1997"
"2596","WHAT IS YOUR HERITAGE?","May. 14, 1997","1997"
"2597","IT WAS A FORM OF ADAPTATION","May. 16, 1997","1997"
"2598","WHAT WILL YOU SAY?","May. 17, 1997","1997"
"2599","ANOTHER “PENTECOST”","May. 20, 1997","1997"
"2600","A LOW LEVEL MYSTIC…","May. 22, 1997","1997"
"2601","YOU DID IT!","May. 24, 1997","1997"
"2602","THE WELLSPRING IS DEVELOPING…","May. 27, 1997","1997"
"2603","A LESSON (LESSONS?) FROM JOSHUA","May. 28, 1997","1997"
"2604","ONE FINAL CLASS","May. 30, 1997","1997"
"2605","ETERNAL, EVERLASTING LIFE… AGAIN","May. 31, 1997","1997"
"2606","… AND I’LL TELL YOU AGAIN…","Jun. 03, 1997","1997"
"2607","“JOSHUA’S GOD”","Jun. 04, 1997","1997"
"2608","WHAT SORT OF FRIEND AM I?","Jun. 06, 1997","1997"
"2609","A SPIRITUAL GIFT… THIS IS","Jun. 08, 1997","1997"
"2610","… AND, BE AWARE OF SPIRIT","Jun. 10, 1997","1997"
"2611","LET YOUR SPIRIT CONTROL","Jun. 12, 1997","1997"
"2612","LIFE IN THE EARTH","Jun. 13, 1997","1997"
"2613","TWO PLACES… CONNECTED","Jun. 14, 1997","1997"
"2614","TIME FOR US","Jun. 16, 1997","1997"
"2615","HEADING HOME","Jun. 18, 1997","1997"
"2616","AN ITCH… TO WRITE","Jun. 20, 1997","1997"
"2617","CHURCH LIFE","Jun. 22, 1997","1997"
"2618","YES, I AM, GIDEON’S GOD","Jun. 25, 1997","1997"
"2619","… WITH THE EMPHASIS ON LIFE","Jun. 27, 1997","1997"
"2620","AN AFTERNOON OF ACCLAIM","Jun. 29, 1997","1997"
"2621","GOD FOR THE JEWS?","Jul. 03, 1997","1997"
"2622","A NATIONAL GOD?","Jul. 05, 1997","1997"
"2623","YOU SEE IT AS A GOOD ERA…","Jul. 06, 1997","1997"
"2624","WHEN YOU’RE CALLED…","Jul. 09, 1997","1997"
"2625","IN THE MIDST OF SUMMER","Jul. 11, 1997","1997"
"2626","ONE DOWN… ONE TO GO","Jul. 12, 1997","1997"
"2627","PAUL… A BOTH / AND SAINT","Jul. 16, 1997","1997"
"2628","HALF WAY THROUGH","Jul. 18, 1997","1997"
"2629","DEATH IS A MAYA","Jul. 19, 1997","1997"
"2630","THIS IS MY EARTH…","Jul. 23, 1997","1997"
"2631","A “NEW ERA”?","Jul. 26, 1997","1997"
"2632","SOME THOUGHTS ABOUT HEALTH","Jul. 26, 1997","1997"
"2633","WHY THESE TEACHINGS?","Jul. 30, 1997","1997"
"2634","NON-ATTACHMENT, YET AGAIN","Jul. 31, 1997","1997"
"2635","AN ADVENTURE AHEAD","Aug. 02, 1997","1997"
"2636","THE THEME CONTINUES…","Aug. 05, 1997","1997"
"2637","LOOKING AHEAD…","Aug. 06, 1997","1997"
"2638","ANOTHER STEP…","Aug. 10, 1997","1997"
"2639","REVELATIONS… AND MYSTICS","Aug. 12, 1997","1997"
"2640","A MOBILE CULTURE… YOURS","Aug. 13, 1997","1997"
"2641","LIFE EXPERIENCES","Aug. 16, 1997","1997"
"2642","BEYOND THEOLOGY…","Aug. 17, 1997","1997"
"2643","REMEMBER… I’M HAVING FUN!","Aug. 20, 1997","1997"
"2644","SOME THOUGHTS ON TRANSITIONS","Aug. 23, 1997","1997"
"2645","LIFE’S ADVENTURE","Aug. 25, 1997","1997"
"2646","HOW CAN I BE SO POSITIVE?","Aug. 27, 1997","1997"
"2647","ETERNAL LIFE","Aug. 29, 1997","1997"
"2648","IF THIS WERE YOUR LAST DAY…","Aug. 31, 1997","1997"
"2649","WHAT “KIND OF” GOD AM I?","Sep. 03, 1997","1997"
"2650","GROWING TOO OLD?","Sep. 06, 1997","1997"
"2651","THE CHRISTIAN SABBATH","Sep. 07, 1997","1997"
"2652","MY CREATION…","Sep. 09, 1997","1997"
"2653","… AND, YES, ENJOY THE TRANSITION","Sep. 10, 1997","1997"
"2654","DEATHS = NEWS!?","Sep. 12, 1997","1997"
"2655","WHY ARE YOU HERE… ?","Sep. 13, 1997","1997"
"2656","MARK’S GOSPEL","Sep. 16, 1997","1997"
"2657","ALCOHOL: MY “IMPERFECT GIFT”","Sep. 17, 1997","1997"
"2658","YOUR RELIGION: SEMI-RATIONAL","Sep. 19, 1997","1997"
"2659","IF HARD TIMES COME…","Sep. 20, 1997","1997"
"2660","ANOTHER UNIQUE NIGHT EXPERIENCE","Sep. 23, 1997","1997"
"2661","MARK’S GOSPEL, II","Sep. 24, 1997","1997"
"2662","“YOUR” WAR","Sep. 25, 1997","1997"
"2663","THE SPIRIT IN PLACES","Sep. 27, 1997","1997"
"2664","THE AGING PROCESS","Oct. 01, 1997","1997"
"2665","AN UPDATE ON SIN","Oct. 03, 1997","1997"
"2666","SOME MORE ON SIN…","Oct. 04, 1997","1997"
"2667","AS YOU MAKE DECISIONS, CONSIDER…","Oct. 07, 1997","1997"
"2668","MARK’S GOSPEL… ALMOST THROUGH","Oct. 08, 1997","1997"
"2669","THIS EARTH, OF MINE","Oct. 10, 1997","1997"
"2670","WINNING!?","Oct. 12, 1997","1997"
"2671","“SUNSHINE ON MY SHOULDER…”","Oct. 15, 1997","1997"
"2672","YOU’RE GETTING OLDER","Oct. 16, 1997","1997"
"2673","ORTHODOXY… DIVERSITY","Oct. 18, 1997","1997"
"2674","ANDY’S BACK! … AGAIN","Oct. 20, 1997","1997"
"2675","WHAT ABOUT JAMES?","Oct. 22, 1997","1997"
"2676","WHAT DO I TELL YOU?","Oct. 24, 1997","1997"
"2677","WHAT DO I TELL YOU?… II","Oct. 25, 1997","1997"
"2678","JAMES… AND YOU","Oct. 29, 1997","1997"
"2679","… AS BUSY AS EVER?","Oct. 31, 1997","1997"
"2680","MYSTICAL… MYSTERIES","Nov. 01, 1997","1997"
"2681","HOW CAN I “BE SATISFIED”?","Nov. 04, 1997","1997"
"2682","THEOLOGY!?","Nov. 05, 1997","1997"
"2683","MORE THEOLOGY?!","Nov. 07, 1997","1997"
"2684","THE “BIG HEALTH” MEETING","Nov. 10, 1997","1997"
"2685","…THE LAST ONE?","Nov. 12, 1997","1997"
"2686","LIFE HAS ITS CONTRASTS","Nov. 15, 1997","1997"
"2687","ANDY… AND HELEN","Nov. 18, 1997","1997"
"2688","A GOD FOR ALL OF YOU","Nov. 19, 1997","1997"
"2689","RATIONAL… AND MYSTICAL","Nov. 21, 1997","1997"
"2690","FEAR NOT, FOR BEHOLD…","Nov. 22, 1997","1997"
"2691","W.W.J.D.","Nov. 24, 1997","1997"
"2692","THANKSGIVING","Nov. 26, 1997","1997"
"2693","THANKSGIVING, II… AFTER… STILL","Nov. 28, 1997","1997"
"2694","SICKNESS ON A TRIP","Nov. 30, 1997","1997"
"2695","OBSERVATIONS ON A TRIP","Dec. 03, 1997","1997"
"2696","DEATH… GROWTH… GROWING","Dec. 05, 1997","1997"
"2697","ADVENT… A SEASON?","Dec. 06, 1997","1997"
"2698","CONSIDERING PSALMS","Dec. 10, 1997","1997"
"2699","A PRE-CHRISTMAS MUSE","Dec. 12, 1997","1997"
"2700","OLD AGE… AND… MYSTERY","Dec. 13, 1997","1997"
"2701","SCRIPTURE… SCRIPTURE…","Dec. 17, 1997","1997"
"2702","ANDREA… THE “FLAKE”","Dec. 19, 1997","1997"
"2703","NEW RHYTHM… IT’S COMING","Dec. 20, 1997","1997"
"2704","FOR EVERYTHING… A SEASON… WHY NOT?!","Dec. 23, 1997","1997"
"2705","CHRISTMAS… PAST","Dec. 27, 1997","1997"
"2706","THE FIGHT FOR LIFE","Dec. 30, 1997","1997"
"2707","ODD YEAR OUT… EVEN YEAR IN","Dec. 31, 1997","1997"
"2708","IS CHAOS COMING?","Year 1998 (approx)","1998"
"2709","CHURCHES… CHURCHES…","Year 1998 (approx)","1998"
"2710","OLD AGE… IT’S COMING","Year 1998 (approx)","1998"
"2711","AND I, TOO, SHALL HEAR YOU…","Year 1998 (approx)","1998"
"2712","ARE “PROBLEMS” NECESSARY?","Year 1998 (approx)","1998"
"2713","BEING MY SERVANT","Year 1998 (approx)","1998"
"2714","A TIME TO…","Year 1998 (approx)","1998"
"2715","OLD AGE, YET AGAIN","Year 1998 (approx)","1998"
"2716","PERSPECTIVES, YET AGAIN","Year 1998 (approx)","1998"
"2717","CONTEMPLATION","Year 1998 (approx)","1998"
"2718","A LESSON IN ECONOMICS","Year 1998 (approx)","1998"
"2719","A THEOLOGY FROM PETER?","Year 1998 (approx)","1998"
"2720","A FORUM TOMORROW…","Year 1998 (approx)","1998"
"2721","AN “OLD” GURU","Year 1998 (approx)","1998"
"2722","MANY MANSIONS","Year 1998 (approx)","1998"
"2723","A DIFFERENT RYHTHM","Jan. 02, 1998","1998"
"2724","SECURITY?","Jan. 06, 1998","1998"
"2725","PAUL… A BOTH/AND GUY","Jan. 07, 1998","1998"
"2726","OPPOSITION… OR JUST BALANCING?","Jan. 09, 1998","1998"
"2727","PAIN… AND LIFE","Jan. 11, 1998","1998"
"2728","THESE SCRIPTURES… A REPRISE","Jan. 15, 1998","1998"
"2729","EXPECTATIONS","Jan. 17, 1998","1998"
"2730","A TIME OF SICKNESS","Jan. 20, 1998","1998"
"2731","ORDINARY TIME","Jan. 24, 1998","1998"
"2732","POSITIVE HEALTH… POSITIVE LIVING","Jan. 27, 1998","1998"
"2733","SPIRITUALITY?  SPIRITUALITY!","Jan. 28, 1998","1998"
"2734","COMING TO THE SPIRITUAL","Jan. 31, 1998","1998"
"2735","JESUS ALA LUKE","Feb. 04, 1998","1998"
"2736","WHAT TIME IS IT NOW?","Feb. 05, 1998","1998"
"2737","GENERATIONS","Feb. 07, 1998","1998"
"2738","THE NEW RHYTHM… CREEPETH","Feb. 09, 1998","1998"
"2739","MONEY… THE ROOT…?","Feb. 14, 1998","1998"
"2740","HOW MUCH ACTIVITY…?","Feb. 17, 1998","1998"
"2741","WHAT IS SIN?","Feb. 17, 1998","1998"
"2742","SOME REACTIONS TO YOUR READING","Feb. 19, 1998","1998"
"2743","GOOD WILL… AND…","Feb. 21, 1998","1998"
"2744","… IT’S HARD TO BE HUMBLE!?","Feb. 24, 1998","1998"
"2745","THE KINGDOM?  BOTH/AND, AGAIN","Feb. 25, 1998","1998"
"2746","A CHANCE TO TELL…","Feb. 27, 1998","1998"
"2747","AN UPDATE ON “THE PRESENT”","Feb. 28, 1998","1998"
"2748","A TEST OF FAITH… AND ADAPTATION","Mar. 03, 1998","1998"
"2749","A TIME TO…","Mar. 04, 1998","1998"
"2750","AHA!  THE LIGHT DOTH SHINE","Mar. 08, 1998","1998"
"2751","DO I “LIKE” DEATHS?","Mar. 12, 1998","1998"
"2752","DIVERSITY IN OLD AGE","Mar. 13, 1998","1998"
"2753","DIVERSITY… AND ME","Mar. 16, 1998","1998"
"2754","AN UP… AND A DOWN…","Mar. 19, 1998","1998"
"2755","THE ECONOMICS OF RELIGION","Mar. 22, 1998","1998"
"2756","TIMES… AND SEASONS…","Mar. 25, 1998","1998"
"2757","A CHANGE OF SEASON","Mar. 26, 1998","1998"
"2758","A RECAP OF “THE BIG PICTURE”","Mar. 28, 1998","1998"
"2759","A BARKING DOG","Mar. 31, 1998","1998"
"2760","“THE END OF THE AGE”","Apr. 02, 1998","1998"
"2761","THOUGHTS ON HUNGER","Apr. 04, 1998","1998"
"2762","ANNIVERSARY","Apr. 06, 1998","1998"
"2763","A SPIRITUAL OPPORTUNITY","Apr. 08, 1998","1998"
"2764","A MYSTICAL, BOTH/AND SEASON","Apr. 10, 1998","1998"
"2765","EASTER, SACRED AND SECULAR","Apr. 12, 1998","1998"
"2766","A POSTSCRIPT ON EASTER","Apr. 15, 1998","1998"
"2767","… AND THE GOOD NEWS IS…","Apr. 16, 1998","1998"
"2768","YOU’RE MOVING… TOWARD…","Apr. 19, 1998","1998"
"2769","A GIG ON AGING","Apr. 22, 1998","1998"
"2770","AN UPDATE ON “SUBSTANCES THAT…”","Apr. 24, 1998","1998"
"2771","WHAT IS PROGRESS… TO ME?","Apr. 28, 1998","1998"
"2772","WEAKNESS","Apr. 30, 1998","1998"
"2773","THE GOOD AND THE BAD… BOTH/AND","May. 01, 1998","1998"
"2774","THREE CHURCH HAPPENINGS","May. 03, 1998","1998"
"2775","THE PANACEA: DRUGS","May. 05, 1998","1998"
"2776","PERSPECTIVES… YET AGAIN","May. 06, 1998","1998"
"2777","LIFE=DEATH, WHICH=LIFE","May. 08, 1998","1998"
"2778","IS THIS “THE TIME”…?","May. 09, 1998","1998"
"2779","REMEMBERING A PROMISE","May. 11, 1998","1998"
"2780","TWO DOWN… ONE TO GO","May. 12, 1998","1998"
"2781","YES, I WAS THERE…","May. 13, 1998","1998"
"2782","A TIME TO CONTEMPLATE… OR SLEEP","May. 17, 1998","1998"
"2783","YOU’LL SPEAK ON “SUBSTANCES”…","May. 19, 1998","1998"
"2784","AN IMPORTANT REMEMBRANCE…","May. 20, 1998","1998"
"2785","IT’S CALLED PAIN…","May. 25, 1998","1998"
"2786","INTO RECOVERY","May. 28, 1998","1998"
"2787","…AND, IN THE MIDST OF HEALING…","May. 30, 1998","1998"
"2788","A SUNDAY “EXCORIATION”","May. 31, 1998","1998"
"2789","WHO AM I… REALLY?","Jun. 01, 1998","1998"
"2790","SPIRITUAL STORY… THEN AND NOW","Jun. 03, 1998","1998"
"2791","A NEW “TREATMENT”","Jun. 06, 1998","1998"
"2792","AM I CONCERNED ABOUT “PROBLEMS”?","Jun. 08, 1998","1998"
"2793","I’M PART OF YOUR STORY… ALWAYS?","Jun. 10, 1998","1998"
"2794","MORE COMMENTS ON “PROBLEMS”","Jun. 12, 1998","1998"
"2795","AN IMMORTAL SOUL?  NOT QUITE","Jun. 13, 1998","1998"
"2796","MAN’S INHUMANITY…","Jun. 17, 1998","1998"
"2797","SPIRIT AS ENERGY","Jun. 18, 1998","1998"
"2798","REFLECTIONS ON A TRIP","Jun. 23, 1998","1998"
"2799","TRANSITION… TO WHAT?","Jun. 24, 1998","1998"
"2800","WATER… MY ABUNDANT RESOURCE","Jun. 26, 1998","1998"
"2801","“FREEDOM AND DEPENDENCE”…","Jun. 27, 1998","1998"
"2802","CONFLICTS IN EARTH LIFE","Jul. 01, 1998","1998"
"2803","THOUGHTS ON A GREEN, SUMMER AFTERNOON","Jul. 02, 1998","1998"
"2804","IS INDEPENDENCE DESIRABLE?","Jul. 04, 1998","1998"
"2805","BLESSINGS MUST NEEDS BE BALANCED","Jul. 07, 1998","1998"
"2806","ARE YOU STILL A HEALTH EDUCATOR?","Jul. 08, 1998","1998"
"2807","IDEAL “USES” OF TIME","Jul. 11, 1998","1998"
"2808","WHAT TIME IS IT NOW?","Jul. 14, 1998","1998"
"2809","DIVERSITY… IN ME, TOO!","Jul. 15, 1998","1998"
"2810","A HANDICAP","Jul. 17, 1998","1998"
"2811","…AND AN ITCH SHALL LEAD YOU…","Jul. 19, 1998","1998"
"2812","MY MANY ACTS…","Jul. 22, 1998","1998"
"2813","BARKING DOGS","Jul. 24, 1998","1998"
"2814","YES, YOU “MESSED UP”… AGAIN","Jul. 25, 1998","1998"
"2815","YOU AND ISRAEL?","Jul. 28, 1998","1998"
"2816","LITTLE TIME FOR CONTEMPLATION?","Jul. 31, 1998","1998"
"2817","WHY?  YOU KNOW…","Aug. 01, 1998","1998"
"2818","PROGRESS IN CONTEMPLATION","Aug. 04, 1998","1998"
"2819","REFLECTIONS ON “HEALTH MINISTRY”","Aug. 06, 1998","1998"
"2820","IT CAN BE DONE!","Aug. 08, 1998","1998"
"2821","ANOTHER DOCTOR","Aug. 11, 1998","1998"
"2822","SOME LESSONS FROM EZEKIEL","Aug. 13, 1998","1998"
"2823","AM I BOTHERED…?","Aug. 15, 1998","1998"
"2824","MORE THOUGHTS ON SIN","Aug. 19, 1998","1998"
"2825","A FINE CAREER","Aug. 21, 1998","1998"
"2826","A PRESBYTERIAN PATH","Aug. 22, 1998","1998"
"2827","PRESBYTERIAN, YET AGAIN","Aug. 26, 1998","1998"
"2828","I AM YOUR TEACHER…","Aug. 28, 1998","1998"
"2829","WHAT MUST YOU DO…?","Aug. 29, 1998","1998"
"2830","TIME… AND… TIMELESSNESS","Oct. 02, 1998","1998"
"2831","… AND, STILL, FRUSTRATIONS…","Oct. 06, 1998","1998"
"2832","DEATH: AN IMPORTANT “SPECIALTY”","Oct. 07, 1998","1998"
"2833","LOOKING AHEAD","Oct. 08, 1998","1998"
"2834","HOME ALONE","Oct. 10, 1998","1998"
"2835","AM I ADAPTABLE?","Oct. 14, 1998","1998"
"2836","A GLIMPSE OF OLD AGE","Oct. 16, 1998","1998"
"2837","RAIN… ALWAYS WELCOME?","Oct. 18, 1998","1998"
"2838","HEALTH IS POSITIVE… REMEMBER?!","Oct. 20, 1998","1998"
"2839","YOU MISSED THE FUN PART!","Oct. 21, 1998","1998"
"2840","HALLOWE’EN","Oct. 23, 1998","1998"
"2841","THE MARK OF A SEASON","Oct. 25, 1998","1998"
"2842","LOSSES","Oct. 27, 1998","1998"
"2843","THE MYSTICAL IS “REAL”","Oct. 28, 1998","1998"
"2844","LIFE… NOT YET “SETTLED”","Oct. 30, 1998","1998"
"2845","IT’S PART OF YOUR “HISTORY”","Nov. 03, 1998","1998"
"2846","HOLY CONSISTENCY!?","Nov. 04, 1998","1998"
"2847","SOME COMMENTS ON CHURCH","Nov. 07, 1998","1998"
"2848","A PRESENTATION…","Nov. 10, 1998","1998"
"2849","HEBREWS: ANOTHER “ENCOUNTER”","Nov. 11, 1998","1998"
"2850","CONTEMPLATION OF LIFE","Nov. 12, 1998","1998"
"2851","OLD AGE… A BLESSING?","Nov. 13, 1998","1998"
"2852","SOME POSITIVE THOUGHTS","Nov. 15, 1998","1998"
"2853","UP ABOVE THE WORLD SO HIGH…","Nov. 18, 1998","1998"
"2854","MIXED FEELINGS","Nov. 20, 1998","1998"
"2855","MANU… AND… YOU?","Nov. 21, 1998","1998"
"2856","SUNDAY ON AN ISLAND","Nov. 22, 1998","1998"
"2857","A DAY IN “THE COUNTRY”","Nov. 23, 1998","1998"
"2858","REINFORCEMENT NO KA OE","Nov. 24, 1998","1998"
"2859","THE LAST LAP…","Nov. 26, 1998","1998"
"2860","AN UPDATE… ON LIFE","Nov. 30, 1998","1998"
"2861","HOW HEALTHY IS COMPETITION?","Dec. 02, 1998","1998"
"2862","SOME FRUSTRATIONS…","Dec. 03, 1998","1998"
"2863","AN EPIDEMIC?","Dec. 05, 1998","1998"
"2864","MEMORIES DO FADE…","Dec. 08, 1998","1998"
"2865","HOW MANY AM I?","Dec. 09, 1998","1998"
"2866","I AM NOT EXPLAINABLE","Dec. 10, 1998","1998"
"2867","EXCESS… AND A BEAUTIFUL DAY","Dec. 15, 1998","1998"
"2868","MY MANY “FACES”","Dec. 16, 1998","1998"
"2869","IS THIS, TRULY, “THE BEST OF TIMES”?","Dec. 18, 1998","1998"
"2870","SOME THOUGHTS ON CHURCHES","Dec. 19, 1998","1998"
"2871","CHANGE IS GOOD… YEAH!?","Dec. 22, 1998","1998"
"2872","THOUGHTS ON A “WALK-AROUND…”","Dec. 26, 1998","1998"
"2873","JEWS… CHRISTIANS…","Dec. 29, 1998","1998"
"2874","THE END OF AN ERA?","Dec. 30, 1998","1998"
"2875","A NEW YEAR STORM","Jan. 02, 1999","1999"
"2876","YOUR NATION… THE BEST?","Jan. 02, 1999","1999"
"2877","YOU AND PAUL","Jan. 05, 1999","1999"
"2878","YOUR PATH… MYSTICAL!","Jan. 06, 1999","1999"
"2879","A “DOWN” FEELING","Jan. 08, 1999","1999"
"2880","MICHAEL COMES ACROSS","Jan. 13, 1999","1999"
"2881","A “SAGA(ETTE)” OF MICHAEL","Jan. 15, 1999","1999"
"2882","SOME “DAY AFTER” THOUGHTS","Jan. 17, 1999","1999"
"2883","ANOTHER DREARY DAY","Jan. 18, 1999","1999"
"2884","FAMILIES… FAMILIES","Jan. 19, 1999","1999"
"2885","BACK TO “NORMAL”?","Jan. 22, 1999","1999"
"2886","Y2K","Jan. 26, 1999","1999"
"2887","SCRIPTURE!  SCRIPTURE?","Jan. 27, 1999","1999"
"2888","… AND A CHASING AFTER WIND","Jan. 29, 1999","1999"
"2889","AN ANGRY GOD!?","Feb. 03, 1999","1999"
"2890","ELDERLY… IT’S ALMOST YOU","Feb. 05, 1999","1999"
"2891","YES, THESE ARE ____________ !","Feb. 09, 1999","1999"
"2892","SOME MORE ON PREDESTINATION","Feb. 10, 1999","1999"
"2893","FAMILIAR ILLUSIONS","Feb. 12, 1999","1999"
"2894","FRUSTRATIONS","Feb. 13, 1999","1999"
"2895","RHYTHM… NOT YET","Feb. 16, 1999","1999"
"2896","IT’S LENT… YET AGAIN","Feb. 17, 1999","1999"
"2897","PREDESTINATION… YET AGAIN","Feb. 19, 1999","1999"
"2898","CHRISTIAN PERCEPTIONS… DEATH","Feb. 20, 1999","1999"
"2899","ANOTHER “RAMBLE” WITH JOHN","Feb. 24, 1999","1999"
"2900","MICHAEL’S STORY…","Feb. 26, 1999","1999"
"2901","AN EARLY-MORNING ASSESSMENT","Feb. 27, 1999","1999"
"2902","EARTH NEEDS BALANCE, TOO","Mar. 01, 1999","1999"
"2903","“MY TIME HAS NOT YET COME”","Mar. 03, 1999","1999"
"2904","BEING CHOOSED","Mar. 06, 1999","1999"
"2905","WAS IT “SUICIDE”?","Mar. 08, 1999","1999"
"2906","AN ASSURED CHRIST","Mar. 10, 1999","1999"
"2907","“SIMPLICITY”… VOLUNTARY?","Mar. 11, 1999","1999"
"2908","ARE YOU PREPARING?","Mar. 13, 1999","1999"
"2909","THE RATIONAL… THE MYSTICAL","Mar. 17, 1999","1999"
"2910","A PEEK AT MORTALITY","Mar. 18, 1999","1999"
"2911","POSITIVE ADDICTIONS","Mar. 19, 1999","1999"
"2912","A SINGLE GOAL?","Mar. 20, 1999","1999"
"2913","“EASY DOES IT?!”","Mar. 22, 1999","1999"
"2914","PROGRESS?... TOWARD…?","Mar. 23, 1999","1999"
"2915","MANY MANSIONS","Mar. 24, 1999","1999"
"2916","MICHAEL’S STORY… CONTINUING","Mar. 26, 1999","1999"
"2917","THIS STORY… HAS NO END","Mar. 31, 1999","1999"
"2918","WHICH ARE THE “ILLUSIONS”?","Apr. 02, 1999","1999"
"2919","TROUBLES?  CHECK THE BALANCE","Apr. 03, 1999","1999"
"2920","LIFE PARTNER, NO KA OE","Apr. 06, 1999","1999"
"2921","HOW IT ALL WORKS…?","Apr. 08, 1999","1999"
"2922","WORLD HUNGER","Apr. 10, 1999","1999"
"2923","JEREMIAH… AND TODAY","Apr. 14, 1999","1999"
"2924","LIFE?  BOTH/AND!","Apr. 16, 1999","1999"
"2925","INSURANCE","Apr. 17, 1999","1999"
"2926","THE EARTH… AND YOU","Apr. 20, 1999","1999"
"2927","“JEREMIAH’S GOD”","Apr. 21, 1999","1999"
"2928","WHAT’S THIS ABOUT “DISRUPTION”?","Apr. 24, 1999","1999"
"2929","AM I INSOUCIANT?","Apr. 27, 1999","1999"
"2930","GOD – THEN… AND… NOW","Apr. 28, 1999","1999"
"2931","THE “CLASH” OF SEASONS","May. 01, 1999","1999"
"2932","HOLY INCONSISTENCY!","May. 05, 1999","1999"
"2933","TEACHINGS:  A GIFT FROM ME","May. 06, 1999","1999"
"2934","FULLER LIFE FOR DAD","May. 07, 1999","1999"
"2935","A COMMITMENT… 20 YEARS","May. 11, 1999","1999"
"2936","I JUST CAN’T BE “DEFINED”","May. 12, 1999","1999"
"2937","I HELPED… DIDN’T I?!","May. 14, 1999","1999"
"2938","IS TIME IMPORTANT?","May. 17, 1999","1999"
"2939","A TIME ALONE?","May. 18, 1999","1999"
"2940","JEREMIAH’S OVER… FINALLY","May. 19, 1999","1999"
"2941","THE THIRD DAY… 20 YEARS","May. 20, 1999","1999"
"2942","PENTECOST… PLUS ONE","May. 24, 1999","1999"
"2943","ANOTHER CHALLENGE?!","May. 26, 1999","1999"
"2944","THE WORLD OF “TOMORROW”","May. 28, 1999","1999"
"2945","MYSTICAL CHRISTIANITY","May. 29, 1999","1999"
"2946","REMEMBRANCE OF WARS","May. 31, 1999","1999"
"2947","CALLED?... OR FREE?","Jun. 02, 1999","1999"
"2948","A GOAL:  TO HAVE NO GOALS?!","Jun. 04, 1999","1999"
"2949","GRASS (OR)… AND DIRT","Jun. 05, 1999","1999"
"2950","ANOTHER “FAMILY” JOURNEY","Jun. 09, 1999","1999"
"2951","HERE IN HAWAII…","Jun. 10, 1999","1999"
"2952","LUAU TIME!","Jun. 12, 1999","1999"
"2953","THEN… AND… NOW","Jun. 14, 1999","1999"
"2954","THE VISIT CONTINUES","Jun. 16, 1999","1999"
"2955","ALOHA TO DAD","Jun. 17, 1999","1999"
"2956","… AND THE VISIT ENDS","Jun. 18, 1999","1999"
"2957","BACK TO… BUSY LIFE!","Jun. 23, 1999","1999"
"2958","A FAMILY TIME?!","Jun. 25, 1999","1999"
"2959","IS THIS A VIOLENT WORLD?","Jun. 26, 1999","1999"
"2960","ANOTHER GOD?","Jun. 30, 1999","1999"
"2961","AND NOW… WHAT DO I SAY?","Jul. 01, 1999","1999"
"2962","LIFE IS NOT PROBLEMS…","Jul. 03, 1999","1999"
"2963","INDEPENDENCE","Jul. 05, 1999","1999"
"2964","BEING ELDERLY","Jul. 06, 1999","1999"
"2965","A FEW ACADEMIC TASKS","Jul. 10, 1999","1999"
"2966","JEWS, MOSES… AND ME","Jul. 14, 1999","1999"
"2967","YOU… AND THIS “NEW AGE”","Jul. 16, 1999","1999"
"2968","ANOTHER “LEADING” OPPORTUNITY","Jul. 17, 1999","1999"
"2969","A FINE ERA… YOURS… II","Jul. 20, 1999","1999"
"2970","THE GOD OF MOSES?","Jul. 21, 1999","1999"
"2971","A HOT, DRY DAY","Jul. 23, 1999","1999"
"2972","A MUSE ON TREES","Jul. 24, 1999","1999"
"2973","SOME WISDOM FROM JONAH","Jul. 28, 1999","1999"
"2974","A “MEDICAL” EXPERIENCE","Jul. 30, 1999","1999"
"2975","BALANCING, BALANCING","Jul. 31, 1999","1999"
"2976","THIS “MODERN” WORLD","Aug. 03, 1999","1999"
"2977","TO BE A… CHRISTIAN?","Aug. 04, 1999","1999"
"2978","THE “BIG C”","Aug. 07, 1999","1999"
"2979","A SERMON FOR SUNDAY","Aug. 10, 1999","1999"
"2980","SUNDAY’S SERMON, II","Aug. 11, 1999","1999"
"2981","SPIRIT… AND… HEALTH","Aug. 13, 1999","1999"
"2982","SEE IT AS AN ADVENTURE","Aug. 17, 1999","1999"
"2983","“JOSHUA’S GOD”","Aug. 18, 1999","1999"
"2984","IN A QUIET, FAMILIAR PLACE","Aug. 21, 1999","1999"
"2985","HEALTH = BE FAITHFUL!","Aug. 24, 1999","1999"
"2986","A PUNAHOU SHIRT…","Aug. 25, 1999","1999"
"2987","ACCENTUATE THE POSITIVE","Aug. 27, 1999","1999"
"2988","COULD THERE BE A PALA?","Aug. 28, 1999","1999"
"2989","AM I STILL “AMOS’ GOD”?","Sep. 01, 1999","1999"
"2990","A “MIXED” DAY","Sep. 02, 1999","1999"
"2991","“ON THE BEACH”… YOURS","Sep. 04, 1999","1999"
"2992","LABOR DAY","Sep. 06, 1999","1999"
"2993","MY POWER ! ... ?","Sep. 08, 1999","1999"
"2994","YOUR LIFE… TOO “MESSY” ?!","Sep. 10, 1999","1999"
"2995","FOOTBALL… YOU… AND… ME","Sep. 11, 1999","1999"
"2996","DESTRUCTIVE WEATHER","Sep. 15, 1999","1999"
"2997","A TIME TO BE THANKFUL","Sep. 16, 1999","1999"
"2998","TIME FOR ASSESSMENT","Sep. 18, 1999","1999"
"2999","IT’S STILL REAL!","Sep. 22, 1999","1999"
"3000","AGAIN!  HEALTH IS POSITIVE","Sep. 23, 1999","1999"
"3001","ENJOY… ENJOY!","Sep. 25, 1999","1999"
"3002","A… THE… FUTURE","Sep. 29, 1999","1999"
"3003","I DO WATCH OVER… YOU","Sep. 30, 1999","1999"
"3004","SONS","Oct. 01, 1999","1999"
"3005","A BEAUTIFUL FALL DAY","Oct. 06, 1999","1999"
"3006","“… LAVETH THE THIRSTY LAND”","Oct. 09, 1999","1999"
"3007","ANNUALS… AND… PERENNIALS","Oct. 11, 1999","1999"
"3008","REFLECTIONS ON A CAREER","Oct. 12, 1999","1999"
"3009","UPHOLDING WHAT IS “RIGHT” !","Oct. 13, 1999","1999"
"3010","THE “OFF RAMP”… ANEW","Oct. 14, 1999","1999"
"3011","A KINDRED SPIRIT?!","Oct. 19, 1999","1999"
"3012","WHAT WAS… WHAT IS TO BE","Oct. 20, 1999","1999"
"3013","SACRED PLACES","Oct. 25, 1999","1999"
"3014","ECOLOGY… IT IS IMPORTANT","Oct. 26, 1999","1999"
"3015","DISCUSSION OF “AGING LIFE”","Oct. 27, 1999","1999"
"3016","REMEMBER… LIFE IS POSITIVE!","Oct. 29, 1999","1999"
"3017","LIVING… ENVIRONMENT… DYING","Nov. 01, 1999","1999"
"3018","I AM SUPREME","Nov. 03, 1999","1999"
"3019","EXCESS","Nov. 05, 1999","1999"
"3020","WEEDS?","Nov. 09, 1999","1999"
"3021","MYSTICAL… NO KA OE","Nov. 10, 1999","1999"
"3022","SOME “ELDERLY” THOUGHTS","Nov. 12, 1999","1999"
"3023","A FALL DAY… ON YOUR DECK","Nov. 15, 1999","1999"
"3024","SOME (GOOD) ADVICE FROM PAUL","Nov. 17, 1999","1999"
"3025","YES, I AWOKE YOU…","Nov. 21, 1999","1999"
"3026","I GIVE YOU GOOD NEWS","Nov. 24, 1999","1999"
"3027","THREE O’s FOR THANKSGIVING","Nov. 27, 1999","1999"
"3028","A THANKSGIVING VISIT","Nov. 28, 1999","1999"
"3029","ANOTHER ADVENT SEASON","Dec. 01, 1999","1999"
"3030","A MUSE ON EARTH LIFE","Dec. 02, 1999","1999"
"3031","THE APPEAL OF PAISANO LIFE","Dec. 04, 1999","1999"
"3032","RELIGIOUS DIVERSITY?","Dec. 08, 1999","1999"
"3033","A SUPPORT GROUP?","Dec. 10, 1999","1999"
"3034","TOMORROW’S OPPORTUNITY","Dec. 11, 1999","1999"
"3035","CHRISTMAS IS COMING","Dec. 14, 1999","1999"
"3036","JUST KEEP THE BALANCE…","Dec. 18, 1999","1999"
"3037","KEEP “DOIN’ IT!”","Dec. 22, 1999","1999"
"3038","SOME PRE-CHRISTMAS ADVICE","Dec. 24, 1999","1999"
"3039","THE NEW YEAR COMETH","Dec. 29, 1999","1999"
"3040","A NEW YEAR?  HO HO!","Dec. 30, 1999","1999"
"3041","“THE LAST DAY”?","Dec. 31, 1999","1999"
"3042","A MYSTICAL GOD… INDEED!","Jan. 05, 2000","2000"
"3043","WILL TEACHINGS CONTINUE TO “COME”?","Jan. 07, 2000","2000"
"3044","NO CRISIS… YET","Jan. 09, 2000","2000"
"3045","BLESSINGS STILL “WIN”!","Jan. 11, 2000","2000"
"3046","MY TOUGH SIDE… AS JESUS","Jan. 12, 2000","2000"
"3047","PONDERING THE PAST","Jan. 13, 2000","2000"
"3048","A “FRIDAY FUNK”","Jan. 14, 2000","2000"
"3049","ONLY ONE “MASTER”?","Jan. 19, 2000","2000"
"3050","MEDICINE… MY PERSPECTIVE","Jan. 21, 2000","2000"
"3051","WINTER… A “FORM” OF LIFE","Jan. 22, 2000","2000"
"3052","WHO AM I?  REALLY!","Jan. 26, 2000","2000"
"3053","MEDICAL CARE… IN EXCESS","Jan. 28, 2000","2000"
"3054","THOUGHTS ON A GREY, SNOWY DAY","Jan. 29, 2000","2000"
"3055","IS THERE AN “END”?","Feb. 01, 2000","2000"
"3056","A MYSTICAL RELIGION… FINALLY!?","Feb. 02, 2000","2000"
"3057","A GOOD LIFE!","Feb. 04, 2000","2000"
"3058","CHRISTIAN SACRIFICE","Feb. 09, 2000","2000"
"3059","NEW RHYTHM?  NOT QUITE YET","Feb. 10, 2000","2000"
"3060","CONTEMPLATING YOUR PAST","Feb. 12, 2000","2000"
"3061","ANOTHER STEP… ON THE OFF RAMP","Feb. 15, 2000","2000"
"3062","… FOR SOMETHING BETTER","Feb. 16, 2000","2000"
"3063","THE PLEASURES OF LIFE","Feb. 19, 2000","2000"
"3064","A NEW DAY… WEEK","Feb. 21, 2000","2000"
"3065","MYSTICAL?  YES, INDEED!","Feb. 23, 2000","2000"
"3066","IT MIGHT AS WELL BE SPRING","Feb. 25, 2000","2000"
"3067","ACHIEVING A BALANCE… “DA BEST”","Feb. 26, 2000","2000"
"3068","ONCE AGAIN, KEEP IT POSITIVE","Feb. 29, 2000","2000"
"3069","YES, THERE ARE “BALANCES”…","Mar. 02, 2000","2000"
"3070","A NEW CENTURY ASSESSMENT","Mar. 03, 2000","2000"
"3071","A NEW CENTURY ASSESSMENT, II","Mar. 04, 2000","2000"
"3072","SCHOLARSHIP… AND… EXPERIENCE","Mar. 08, 2000","2000"
"3073","CONTRASTING FUTURES","Mar. 09, 2000","2000"
"3074","SNOW OUTSIDE… WARM ROOM","Mar. 11, 2000","2000"
"3075","NON-ATTACHMENT, IN YOUR LIFE","Mar. 14, 2000","2000"
"3076","COMPLEMENTARY?... BOTH/AND!","Mar. 15, 2000","2000"
"3077","A “PICTURE” OF OLD AGE","Mar. 17, 2000","2000"
"3078","MANY TEACHINGS…","Mar. 21, 2000","2000"
"3079","WHY SO LITTLE SUFFERING?","Mar. 22, 2000","2000"
"3080","SPRING HAS “SPRUNG”","Mar. 23, 2000","2000"
"3081","ADDICTIONS… YET AGAIN","Mar. 24, 2000","2000"
"3082","WHAT IS “OF VALUE”… TO ME?","Mar. 27, 2000","2000"
"3083","JOHN ISAAC, II","Mar. 29, 2000","2000"
"3084","ANOTHER HOSPICE “GIG”","Apr. 01, 2000","2000"
"3085","TO “FIGHT”… OR NOT?","Apr. 04, 2000","2000"
"3086","1 JOHN’S “MAYA”","Apr. 05, 2000","2000"
"3087","BLESSED ASSURANCE","Apr. 07, 2000","2000"
"3088","TRUST IN ME…","Apr. 08, 2000","2000"
"3089","OFF RAMP?  ON RAMP!","Apr. 12, 2000","2000"
"3090","A LOOK AT “YOUR WORLD”","Apr. 15, 2000","2000"
"3091","THE SUNDAY CALLED “PALM”","Apr. 16, 2000","2000"
"3092","AN UPDATE ON “ELECTION”","Apr. 18, 2000","2000"
"3093","OH, HOLY WEEK… BUT…","Apr. 19, 2000","2000"
"3094","THE “PRELUDE” TO EASTER","Apr. 21, 2000","2000"
"3095","“THE DAY”","Apr. 23, 2000","2000"
"3096","THE “IMAGE OF GOD”!?","Apr. 26, 2000","2000"
"3097","TEACHINGS, TEACIHNGS","Apr. 27, 2000","2000"
"3098","NEW RHYTHM… NOT YET","Apr. 29, 2000","2000"
"3099","A GOD FOR EVERYONE?","May. 03, 2000","2000"
"3100","WINDOW TO “SPIRIT”","May. 04, 2000","2000"
"3101","FEARS… AND… “NON-FEARS”","May. 06, 2000","2000"
"3102","“CATASTROPHES”… THEN AND NOW","May. 10, 2000","2000"
"3103","A GOD FOR ALL “SEASONS”","May. 11, 2000","2000"
"3104","A MUSE IN THE GARDEN","May. 12, 2000","2000"
"3105","LOSSES","May. 15, 2000","2000"
"3106","A GOOD TIME… TO LIVE…","May. 17, 2000","2000"
"3107","JESUS… ON TV","May. 19, 2000","2000"
"3108","ARE YOU ADAPTABLE?  STILL?","May. 24, 2000","2000"
"3109","A FINE PARTY","May. 27, 2000","2000"
"3110","A SUNDAY MUSE","May. 28, 2000","2000"
"3111","A MEMORIAL DAY","May. 29, 2000","2000"
"3112","THE BOTH/AND OF TRAVEL","May. 30, 2000","2000"
"3113","AN UNFORTUNATE INTERCHANGE","May. 31, 2000","2000"
"3114","HOME AGAIN!","Jun. 03, 2000","2000"
"3115","DIVERSITY: A GOOD THEME","Jun. 06, 2000","2000"
"3116","“ANOTHER RETURN”","Jun. 07, 2000","2000"
"3117","“THE BEAUTY OF THE EARTH”","Jun. 08, 2000","2000"
"3118","“DON’T WORRY!  BE HAPPY!”","Jun. 10, 2000","2000"
"3119","FAMILY TIES","Jun. 11, 2000","2000"
"3120","AN “ODD TIME”","Jun. 12, 2000","2000"
"3121","“… YOU MUST HAVE FAITH… AND BELIEVE…”","Jun. 13, 2000","2000"
"3122","LATE SPRING… EARLY SUMMER","Jun. 14, 2000","2000"
"3123","EXCESS… AGAIN","Jun. 15, 2000","2000"
"3124","AN END-OF-WEEK ASASESSMENT","Jun. 16, 2000","2000"
"3125","A COOL, WET DAY…","Jun. 17, 2000","2000"
"3126","TRINITY SUNDAY","Jun. 18, 2000","2000"
"3127","THE TIME OF JOSHUA","Jun. 21, 2000","2000"
"3128","YOU AND YOUR OLD FARM HOUSE","Jun. 23, 2000","2000"
"3129","THE OLD… AND THE NEW","Jun. 24, 2000","2000"
"3130","REFLECTIONS ON DIVERSITY","Jun. 27, 2000","2000"
"3131","JOSHUA’S GOD… AND AIDS?","Jun. 28, 2000","2000"
"3132","SUMMER SEASON… YET AGAIN","Jun. 30, 2000","2000"
"3133","CHANGES ARE EVIDENT…","Jul. 01, 2000","2000"
"3134","SPIRIT… AND… “SPIRITS”","Jul. 03, 2000","2000"
"3135","AN ORAL…","Jul. 06, 2000","2000"
"3136","WHAT BETTER TO DO…?","Jul. 07, 2000","2000"
"3137","WILL YOU BE REMEMBERED?","Jul. 12, 2000","2000"
"3138","A PERSPECTIVE ON LIFE","Jul. 13, 2000","2000"
"3139","A “MEDICAL MORNING”","Jul. 14, 2000","2000"
"3140","ADJUSTING TO LESS ACTIVITY","Jul. 17, 2000","2000"
"3141","WHEN I WAS GIDEON’S GOD!?","Jul. 19, 2000","2000"
"3142","BECOMING MORE ELDERLY","Jul. 22, 2000","2000"
"3143","A DIFFERENT / BETTER GOD?","Jul. 26, 2000","2000"
"3144","AN EXPERIMENT?… AND…","Jul. 28, 2000","2000"
"3145","THIS EARTH… OF MINE","Jul. 29, 2000","2000"
"3146","SUMMER DAYS… UP HIGH","Aug. 02, 2000","2000"
"3147","LOOKING FORWARD?  TO A TRIP","Aug. 03, 2000","2000"
"3148","COMING UP:  A “TEST”","Aug. 05, 2000","2000"
"3149","DEATH, LIFE, REUNION","Aug. 08, 2000","2000"
"3150","HOW DO I SEE THE EARTH… REALLY?","Aug. 09, 2000","2000"
"3151","A ROCKY MOUNTAIN SUNDAY","Aug. 13, 2000","2000"
"3152","A VISIT’S LAST DAY","Aug. 14, 2000","2000"
"3153","HOME AGAIN… AND…","Aug. 17, 2000","2000"
"3154","PAINS THAT PERSIST","Aug. 19, 2000","2000"
"3155","JAMES… AND THE CHURCH","Aug. 23, 2000","2000"
"3156","ANOTHER MEDICAL “EXCURSION”","Aug. 25, 2000","2000"
"3157","THE PRESENT… PAST… FUTURE","Aug. 28, 2000","2000"
"3158","SLOW CHANGE… GOOD?!","Aug. 29, 2000","2000"
"3159","WHY?  DO I LOVE DIVERSITY?","Aug. 31, 2000","2000"
"3160","A TIME OF CONFUSION","Sep. 02, 2000","2000"
"3161","HOWZIT GOING?","Sep. 05, 2000","2000"
"3162","REFLECTIONS ON JAMES","Sep. 06, 2000","2000"
"3163","… AND THE RAIN COMES…","Sep. 08, 2000","2000"
"3164","PETER AS THEOLOGIAN","Sep. 13, 2000","2000"
"3165","A HOSPICE MORNING","Sep. 16, 2000","2000"
"3166","TO GO… OR NOT TO GO?","Sep. 20, 2000","2000"
"3167","THE OLD… THE “NEW”","Sep. 22, 2000","2000"
"3168","THIS DIVERSE EARTH SCENE…","Sep. 23, 2000","2000"
"3169","ANOTHER EVIDENCE OF ELDERLINESS","Sep. 25, 2000","2000"
"3170","SIN… SINNED… SINNING…","Sep. 28, 2000","2000"
"3171","DYING?... DROPPING!  BETTER!","Sep. 30, 2000","2000"
"3172","A LOOK BACK AT YOUR PROFESSION","Oct. 02, 2000","2000"
"3173","SCRIPTURE!?","Oct. 05, 2000","2000"
"3174","DIVERSITY… NO KA OE","Oct. 06, 2000","2000"
"3175","CHANGE OF SEASON!?","Oct. 10, 2000","2000"
"3176","OLD TESTAMENT “ACTION”","Oct. 12, 2000","2000"
"3177","LOSSES!  LOSSES?","Oct. 13, 2000","2000"
"3178","TEACHINGS… NO KA OE","Oct. 18, 2000","2000"
"3179","YES!  I AM HE!","Oct. 19, 2000","2000"
"3180","THE AUTUMN OF YOUR LIFE","Oct. 20, 2000","2000"
"3181","DANGEROUS… CHALLENGES","Oct. 23, 2000","2000"
"3182","AN INDIAN SMMER AFTERNOON","Oct. 25, 2000","2000"
"3183","A GOD FOR EVERY SEASON??","Oct. 26, 2000","2000"
"3184","PERSPECTIVES, YET AGAIN","Oct. 27, 2000","2000"
"3185","SOME CUBAN RECOLLECTIONS","Oct. 30, 2000","2000"
"3186","THE O.T. GOD… TODAY","Nov. 02, 2000","2000"
"3187","ANOTHER LOOK AT AUTUMN","Nov. 04, 2000","2000"
"3188","ENVIRONMENT… SAVEABLE?","Nov. 08, 2000","2000"
"3189","THE O.T. STORY… ON…","Nov. 09, 2000","2000"
"3190","“THIS OLD HOUSE”…","Nov. 11, 2000","2000"
"3191","GOD… IN A DIFFERENT TIME","Nov. 14, 2000","2000"
"3192","SHOULD ALL SCRIPTURE BE INSPIRING?","Nov. 16, 2000","2000"
"3193","THE CEREMONIES OF DEATH","Nov. 17, 2000","2000"
"3194","YES… A CHRISTIAN FUNERAL","Nov. 18, 2000","2000"
"3195","A FAMILY THANKSGIVING GATHERING","Nov. 21, 2000","2000"
"3196","THE “PAST”, YOUR ERA, AND ?","Nov. 22, 2000","2000"
"3197","AN “UNUSUAL” HIKE… SOMEWHERE","Nov. 26, 2000","2000"
"3198","A TIME OF DEPENDENCE… AND PAIN","Nov. 30, 2000","2000"
"3199","THOUGHTS ON “A TIME OF HEALING”","Dec. 02, 2000","2000"
"3200","ANOTHER DAY OF RECOVERY","Dec. 04, 2000","2000"
"3201","59 YEARS… COUNTING?","Dec. 07, 2000","2000"
"3202","A “BUSY” AFTERNOON","Dec. 08, 2000","2000"
"3203","IT’S A GOOD TIME… ISN’T IT?","Dec. 10, 2000","2000"
"3204","HEALING?  WITHOUT ME?","Dec. 16, 2000","2000"
"3205","IMPATIENCE… NOT YET!","Dec. 18, 2000","2000"
"3206","AN UNUSUAL CHRISTMAS","Dec. 21, 2000","2000"
"3207","CHRISTMAS PAST… SLOW HEALING","Dec. 26, 2000","2000"
"3208","ANOTHER TUSSLE WITH NUMBERS","Dec. 29, 2000","2000"
"3209","A NEW YEAR… AND PAIN","Jan. 01, 2001","2001"
"3210","… AND A WEEK “WHIRLED BY”…","Jan. 08, 2001","2001"
"3211","… AND THE SUN SHINES BRIGHT…","Jan. 09, 2001","2001"
"3212","ANOTHER “LOSS” OF TIME","Jan. 17, 2001","2001"
"3213","IT’S STILL A “MIXED LIFE”","Jan. 23, 2001","2001"
"3214","FRUSTRATIONS… OPPORTUNITIES","Jan. 26, 2001","2001"
"3215","A MINOR CHALLENGE…","Feb. 01, 2001","2001"
"3216","LARGER CHURCH… NEW PASTOR…","Feb. 03, 2001","2001"
"3217","NOT ENOUGH JOY?!","Feb. 05, 2001","2001"
"3218","A WARM, WET, WINTER DAY","Feb. 09, 2001","2001"
"3219","IN TRUTH, YOU ARE OLD!","Feb. 10, 2001","2001"
"3220","STANDING ON THE BRINK","Feb. 18, 2001","2001"
"3221","ANOTHER OF LIFE’S “GAPS”","Feb. 26, 2001","2001"
"3222","A QUIET WINTER DAY…","Mar. 01, 2001","2001"
"3223","THE CONTRASTS IN EARTH LIFE","Mar. 02, 2001","2001"
"3224","TIMELESSNESS","Mar. 06, 2001","2001"
"3225","IS “THIS” PART OF “BALANCE”?","Mar. 13, 2001","2001"
"3226","BETWEEN TWO “WORLDS”","Mar. 15, 2001","2001"
"3227","A DAY OF FELLOWSHIP… AND…","Mar. 18, 2001","2001"
"3228","AVOIDING CHAOS?","Mar. 22, 2001","2001"
"3229","APPRECIATE “HAPPENINGS”","Mar. 24, 2001","2001"
"3230","ANOTHER RETURN…","Mar. 29, 2001","2001"
"3231","CONTEMPLATING LIFE…","Apr. 02, 2001","2001"
"3232","WELLNESS RETURNING!?","Apr. 05, 2001","2001"
"3233","CHANGE!  OF SEASON?","Apr. 07, 2001","2001"
"3234","YES… SPRING HAS SPRUNG!","Apr. 09, 2001","2001"
"3235","THEOLOGY… YET AGAIN","Apr. 11, 2001","2001"
"3236","ANOTHER “CHALLENGE” TO FREE WILL","Apr. 12, 2001","2001"
"3237","HERE AND NOW!","Apr. 17, 2001","2001"
"3238","UP ABOVE THE WORLD, SO HIGH…","Apr. 19, 2001","2001"
"3239","CONTINUE TO ENJOY LIFE!","Apr. 21, 2001","2001"
"3240","… NOT QUITE YET…","Apr. 23, 2001","2001"
"3241","THE BEGINNING OF AN ENDING","Apr. 26, 2001","2001"
"3242","IN THE MIDST OF “A WEEK”","May. 01, 2001","2001"
"3243","BIBLE STUDY","May. 03, 2001","2001"
"3244","IF NOT TODAY… ?","May. 05, 2001","2001"
"3245","LOSSES… AND GAINS","May. 08, 2001","2001"
"3246","YOUR HISTORY WITH ME…","May. 10, 2001","2001"
"3247","DIFFERENT TIMES","May. 15, 2001","2001"
"3248","STORMY WEATHER?","May. 17, 2001","2001"
"3249","FEW “MUSTS”","May. 19, 2001","2001"
"3250","ECCLESIASTES… AND YOU","May. 24, 2001","2001"
"3251","LETTERS FROM A “YOUNGER” SON","May. 26, 2001","2001"
"3252","LIFE GOES ON…","May. 28, 2001","2001"
"3253","MY “OTHER” SELF","May. 31, 2001","2001"
"3254","THE WORLD “AROUND”…","Jun. 04, 2001","2001"
"3255","WHAT AM I LIKE… REALLY?","Jun. 07, 2001","2001"
"3256","DEATH… PART OF LIFE","Jun. 09, 2001","2001"
"3257","YES, IT IS A MESS!","Jun. 13, 2001","2001"
"3258","EZEKIEL… GOD’S CHOSEN!?","Jun. 14, 2001","2001"
"3259","… BUT LIFE IS GOOD!","Jun. 16, 2001","2001"
"3260","TWO “TIME MARKS”","Jun. 20, 2001","2001"
"3261","THE LORD… AND EZEKIEL…","Jun. 21, 2001","2001"
"3262","… SO YOU WENT TO A DOCTOR…!?","Jun. 22, 2001","2001"
"3263","CONTEMPLATION…","Jun. 25, 2001","2001"
"3264","YOU’RE LOSING “TIME”","Jun. 28, 2001","2001"
"3265","DECISIONS… MORE DIFFICULT!","Jun. 30, 2001","2001"
"3266","SCRIPTURAL RELEVANCE?","Jul. 05, 2001","2001"
"3267","A QUIET LIFE","Jul. 06, 2001","2001"
"3268","SOME FINAL THOUGHTS ON EZEKIEL","Jul. 12, 2001","2001"
"3269","PLEASANT SUMMER","Jul. 15, 2001","2001"
"3270","TRY… AND… “NO NEED TRY”","Jul. 18, 2001","2001"
"3271","GRACE… THE “EASY WAY”?","Jul. 19, 2001","2001"
"3272","YOU ALMOST “MADE IT”!","Jul. 21, 2001","2001"
"3273","THE WORLD MOVES ON, BUT…","Jul. 24, 2001","2001"
"3274","PAUL’S “MIXED” THEOLOGY","Jul. 26, 2001","2001"
"3275","CONFUSION… CHAOS (MILD)…","Jul. 28, 2001","2001"
"3276","RETIREMENT!","Jul. 31, 2001","2001"
"3277","CONSISTENCY… IMPORTANT?","Aug. 02, 2001","2001"
"3278","YOU SEE… I CAN DO IT!","Aug. 03, 2001","2001"
"3279","MONEY… AND… MIND","Aug. 08, 2001","2001"
"3280","PAUL… AND… RUTH","Aug. 09, 2001","2001"
"3281","… WHILE THUNDER RUMBLED","Aug. 11, 2001","2001"
"3282","A SUMMER DAY","Aug. 15, 2001","2001"
"3283","“I DO NOT CHANGE…”","Aug. 16, 2001","2001"
"3284","RELAX… YOU’RE STILL MINE","Aug. 18, 2001","2001"
"3285","NOT WANTING TO “KEEP UP”","Aug. 21, 2001","2001"
"3286","CONSISTENCY?  NOT YET","Aug. 22, 2001","2001"
"3287","THE RELEVANCE OF “HABAKKUK”","Aug. 23, 2001","2001"
"3288","SEEKING A “BETTER” BALANCE","Aug. 29, 2001","2001"
"3289","HUMAN LIFE!?","Aug. 31, 2001","2001"
"3290","REMEMBER… ACCENTUATE THE POSITIVE!","Sep. 01, 2001","2001"
"3291","AWAITING WORDS FROM ME","Sep. 03, 2001","2001"
"3292","NO SECURE “PLACE”!?","Sep. 06, 2001","2001"
"3293","A “LOOK BACK”","Sep. 07, 2001","2001"
"3294","A NATIONAL “TRAGEDY”","Sep. 12, 2001","2001"
"3295","THOUGHTS ABOUT “MOVING ON…”","Nov. 07, 2001","2001"
"3296","RETIRED… A WORTHY “CONDITION”!?","Dec. 04, 2001","2001"
"3297","YOU HAVE BEEN AWAY…!","Sep. 22, 2003","2003"
"3298","I HAVE BEEN WAITING…","Oct. 04, 2003","2003"
